S;MuR;SigmaR;MuD;SigmaD;MuA;SigmaA;RhoA;MuB;SigmaB;Intra;SelfReg;scaling;DistB;ParsID;Feasible;Eigenvalue;Stable;Type
10;1;0;1;0;0,000;0,150;0;0;0;None;Quadratic;FALSE;Normal;0,53448972129262984;1;-0,55795567128156232;TRUE;Feasible Pairwise
10;1;0;1;0;0,000;0,150;0;0;0;None;Quadratic;FALSE;Normal;0,53448972129262984;1;-0,59433627497015495;TRUE;Constrained HOIs
20;1;0;1;0;0,000;0,150;0;0;0;None;Quadratic;FALSE;Normal;0,09835093887522817;1;-0,48363015522695074;TRUE;Feasible Pairwise
20;1;0;1;0;0,000;0,150;0;0;0;None;Quadratic;FALSE;Normal;0,09835093887522817;1;-0,48017101574697874;TRUE;Constrained HOIs
30;1;0;1;0;0,000;0,150;0;0;0;None;Quadratic;FALSE;Normal;0,63787527265958488;1;-0,33329572590507150;TRUE;Feasible Pairwise
30;1;0;1;0;0,000;0,150;0;0;0;None;Quadratic;FALSE;Normal;0,63787527265958488;1;-0,22527142849603279;TRUE;Constrained HOIs
40;1;0;1;0;0,000;0,150;0;0;0;None;Quadratic;FALSE;Normal;0,55152425821870565;1;-0,34726933694758128;TRUE;Feasible Pairwise
40;1;0;1;0;0,000;0,150;0;0;0;None;Quadratic;FALSE;Normal;0,55152425821870565;1;-0,29224182524854936;TRUE;Constrained HOIs
50;1;0;1;0;0,000;0,150;0;0;0;None;Quadratic;FALSE;Normal;0,56560998782515526;1;-0,05437723023837897;TRUE;Feasible Pairwise
50;1;0;1;0;0,000;0,150;0;0;0;None;Quadratic;FALSE;Normal;0,56560998782515526;1;-0,02151435669726354;TRUE;Constrained HOIs
60;1;0;1;0;0,000;0,150;0;0;0;None;Quadratic;FALSE;Normal;0,52208409016020596;1;0,29143641612848992;FALSE;Feasible Pairwise
60;1;0;1;0;0,000;0,150;0;0;0;None;Quadratic;FALSE;Normal;0,52208409016020596;1;0,29331717574437643;FALSE;Constrained HOIs
70;1;0;1;0;0,000;0,150;0;0;0;None;Quadratic;FALSE;Normal;0,06705940049141645;1;0,09489930936475752;FALSE;Feasible Pairwise
70;1;0;1;0;0,000;0,150;0;0;0;None;Quadratic;FALSE;Normal;0,06705940049141645;1;0,23537857514929503;FALSE;Constrained HOIs
80;1;0;1;0;0,000;0,150;0;0;0;None;Quadratic;FALSE;Normal;0,09554982045665383;1;0,49535685128401619;FALSE;Feasible Pairwise
80;1;0;1;0;0,000;0,150;0;0;0;None;Quadratic;FALSE;Normal;0,09554982045665383;1;0,44520118219445770;FALSE;Constrained HOIs
90;1;0;1;0;0,000;0,150;0;0;0;None;Quadratic;FALSE;Normal;0,60010991012677550;1;0,33152464365127554;FALSE;Feasible Pairwise
90;1;0;1;0;0,000;0,150;0;0;0;None;Quadratic;FALSE;Normal;0,60010991012677550;1;0,36430720381713894;FALSE;Constrained HOIs
100;1;0;1;0;0,000;0,150;0;0;0;None;Quadratic;FALSE;Normal;0,14527850621379912;1;0,46004197430859661;FALSE;Feasible Pairwise
100;1;0;1;0;0,000;0,150;0;0;0;None;Quadratic;FALSE;Normal;0,14527850621379912;1;0,43927506411088674;FALSE;Constrained HOIs
10;1;0;1;0;0,025;0,025;0;0;0;None;Quadratic;FALSE;Normal;0,49136188556440175;1;-0,91697224621323437;TRUE;Feasible Pairwise
10;1;0;1;0;0,025;0,025;0;0;0;None;Quadratic;FALSE;Normal;0,49136188556440175;1;-0,84460225367423680;TRUE;Constrained HOIs
20;1;0;1;0;0,025;0,025;0;0;0;None;Quadratic;FALSE;Normal;0,24050453468225896;1;-0,88398507849405339;TRUE;Feasible Pairwise
20;1;0;1;0;0,025;0,025;0;0;0;None;Quadratic;FALSE;Normal;0,24050453468225896;1;-0,53250446759935244;TRUE;Constrained HOIs
30;1;0;1;0;0,025;0,025;0;0;0;None;Quadratic;FALSE;Normal;0,58831321028992534;1;-0,86066567214524436;TRUE;Feasible Pairwise
30;1;0;1;0;0,025;0,025;0;0;0;None;Quadratic;FALSE;Normal;0,58831321028992534;1;-0,27051350117922396;TRUE;Constrained HOIs
40;1;0;1;0;0,025;0,025;0;0;0;None;Quadratic;FALSE;Normal;0,09168086783029140;1;-0,82933607978032620;TRUE;Feasible Pairwise
40;1;0;1;0;0,025;0,025;0;0;0;None;Quadratic;FALSE;Normal;0,09168086783029140;1;-0,03927095295403193;TRUE;Constrained HOIs
50;1;0;1;0;0,025;0,025;0;0;0;None;Quadratic;FALSE;Normal;0,02244103141129017;1;-0,82550071208116926;TRUE;Feasible Pairwise
50;1;0;1;0;0,025;0,025;0;0;0;None;Quadratic;FALSE;Normal;0,02244103141129017;1;0,21725462549884328;FALSE;Constrained HOIs
60;1;0;1;0;0,025;0,025;0;0;0;None;Quadratic;FALSE;Normal;0,27364299632608891;1;-0,80210999831066687;TRUE;Feasible Pairwise
60;1;0;1;0;0,025;0,025;0;0;0;None;Quadratic;FALSE;Normal;0,27364299632608891;1;0,45572611167466515;FALSE;Constrained HOIs
70;1;0;1;0;0,025;0,025;0;0;0;None;Quadratic;FALSE;Normal;0,91494514117948700;1;-0,76292680981945504;TRUE;Feasible Pairwise
70;1;0;1;0;0,025;0,025;0;0;0;None;Quadratic;FALSE;Normal;0,91494514117948700;1;0,72061037869047739;FALSE;Constrained HOIs
80;1;0;1;0;0,025;0,025;0;0;0;None;Quadratic;FALSE;Normal;0,53485933132469654;1;-0,74054359531729763;TRUE;Feasible Pairwise
80;1;0;1;0;0,025;0,025;0;0;0;None;Quadratic;FALSE;Normal;0,53485933132469654;1;0,94433600574292564;FALSE;Constrained HOIs
90;1;0;1;0;0,025;0,025;0;0;0;None;Quadratic;FALSE;Normal;0,74010238377377391;1;-0,73716183774789634;TRUE;Feasible Pairwise
90;1;0;1;0;0,025;0,025;0;0;0;None;Quadratic;FALSE;Normal;0,74010238377377391;1;1,16339255214777548;FALSE;Constrained HOIs
100;1;0;1;0;0,025;0,025;0;0;0;None;Quadratic;FALSE;Normal;0,24315339047461748;1;-0,74387012473388459;TRUE;Feasible Pairwise
100;1;0;1;0;0,025;0,025;0;0;0;None;Quadratic;FALSE;Normal;0,24315339047461748;1;1,46518222635422934;FALSE;Constrained HOIs
10;1;0;1;0;-0,025;0,025;0;0;0;None;Quadratic;FALSE;Normal;0,21490699588321149;1;-0,77615108094515806;TRUE;Feasible Pairwise
10;1;0;1;0;-0,025;0,025;0;0;0;None;Quadratic;FALSE;Normal;0,21490699588321149;1;-0,92919177736683156;TRUE;Constrained HOIs
20;1;0;1;0;-0,025;0,025;0;0;0;None;Quadratic;FALSE;Normal;0,84999367827549588;1;-0,52530653463321519;TRUE;Feasible Pairwise
20;1;0;1;0;-0,025;0,025;0;0;0;None;Quadratic;FALSE;Normal;0,84999367827549588;1;-0,86852054634182818;TRUE;Constrained HOIs
30;1;0;1;0;-0,025;0,025;0;0;0;None;Quadratic;FALSE;Normal;0,13607525359839201;1;-0,26839915274388104;TRUE;Feasible Pairwise
30;1;0;1;0;-0,025;0,025;0;0;0;None;Quadratic;FALSE;Normal;0,13607525359839201;1;-0,84820439124013469;TRUE;Constrained HOIs
40;1;0;1;0;-0,025;0,025;0;0;0;None;Quadratic;FALSE;Normal;0,10022892244160175;1;-0,02884252519389252;TRUE;Feasible Pairwise
40;1;0;1;0;-0,025;0,025;0;0;0;None;Quadratic;FALSE;Normal;0,10022892244160175;1;-0,82475600456050113;TRUE;Constrained HOIs
50;1;0;1;0;-0,025;0,025;0;0;0;None;Quadratic;FALSE;Normal;0,23338172305375335;1;0,18913163822432064;FALSE;Feasible Pairwise
50;1;0;1;0;-0,025;0,025;0;0;0;None;Quadratic;FALSE;Normal;0,23338172305375335;1;-0,80770576816010731;TRUE;Constrained HOIs
60;1;0;1;0;-0,025;0,025;0;0;0;None;Quadratic;FALSE;Normal;0,48486771108582616;1;0,47715528772943527;FALSE;Feasible Pairwise
60;1;0;1;0;-0,025;0,025;0;0;0;None;Quadratic;FALSE;Normal;0,48486771108582616;1;-0,80736953613140050;TRUE;Constrained HOIs
70;1;0;1;0;-0,025;0,025;0;0;0;None;Quadratic;FALSE;Normal;0,79975214251317084;1;0,71694307687718628;FALSE;Feasible Pairwise
70;1;0;1;0;-0,025;0,025;0;0;0;None;Quadratic;FALSE;Normal;0,79975214251317084;1;-0,76925923766576143;TRUE;Constrained HOIs
80;1;0;1;0;-0,025;0,025;0;0;0;None;Quadratic;FALSE;Normal;0,32894741115160286;1;0,98360583368678878;FALSE;Feasible Pairwise
80;1;0;1;0;-0,025;0,025;0;0;0;None;Quadratic;FALSE;Normal;0,32894741115160286;1;-0,73941472162915589;TRUE;Constrained HOIs
90;1;0;1;0;-0,025;0,025;0;0;0;None;Quadratic;FALSE;Normal;0,53810115996748209;1;1,24569366675811111;FALSE;Feasible Pairwise
90;1;0;1;0;-0,025;0,025;0;0;0;None;Quadratic;FALSE;Normal;0,53810115996748209;1;-0,73289778113098558;TRUE;Constrained HOIs
100;1;0;1;0;-0,025;0,025;0;0;0;None;Quadratic;FALSE;Normal;0,70331821171566844;1;1,47411946666391702;FALSE;Feasible Pairwise
100;1;0;1;0;-0,025;0,025;0;0;0;None;Quadratic;FALSE;Normal;0,70331821171566844;1;-0,72234525852110498;TRUE;Constrained HOIs
10;1;0;1;0;0,000;0,150;0;0;0;None;Quadratic;FALSE;Normal;0,79906505136750638;1;-0,54130285085895546;TRUE;Feasible Pairwise
10;1;0;1;0;0,000;0,150;0;0;0;None;Quadratic;FALSE;Normal;0,79906505136750638;1;-0,52123322945113804;TRUE;Constrained HOIs
20;1;0;1;0;0,000;0,150;0;0;0;None;Quadratic;FALSE;Normal;0,27156266383826733;1;-0,44596658713565229;TRUE;Feasible Pairwise
20;1;0;1;0;0,000;0,150;0;0;0;None;Quadratic;FALSE;Normal;0,27156266383826733;1;-0,52169458498260979;TRUE;Constrained HOIs
30;1;0;1;0;0,000;0,150;0;0;0;None;Quadratic;FALSE;Normal;0,83764266245998453;1;-0,28639273467475751;TRUE;Feasible Pairwise
30;1;0;1;0;0,000;0,150;0;0;0;None;Quadratic;FALSE;Normal;0,83764266245998453;1;-0,35217666499303546;TRUE;Constrained HOIs
40;1;0;1;0;0,000;0,150;0;0;0;None;Quadratic;FALSE;Normal;0,37407804606482387;1;-0,17539380338164795;TRUE;Feasible Pairwise
40;1;0;1;0;0,000;0,150;0;0;0;None;Quadratic;FALSE;Normal;0,37407804606482387;1;-0,18672321051118185;TRUE;Constrained HOIs
50;1;0;1;0;0,000;0,150;0;0;0;None;Quadratic;FALSE;Normal;0,31824561231769621;1;0,22848878514753784;FALSE;Feasible Pairwise
50;1;0;1;0;0,000;0,150;0;0;0;None;Quadratic;FALSE;Normal;0,31824561231769621;1;0,25112321183772540;FALSE;Constrained HOIs
60;1;0;1;0;0,000;0,150;0;0;0;None;Quadratic;FALSE;Normal;0,99618434906005859;1;0,13132618313365255;FALSE;Feasible Pairwise
60;1;0;1;0;0,000;0,150;0;0;0;None;Quadratic;FALSE;Normal;0,99618434906005859;1;0,08284482493184785;FALSE;Constrained HOIs
70;1;0;1;0;0,000;0,150;0;0;0;None;Quadratic;FALSE;Normal;0,13253591139800849;1;0,05950283856515994;FALSE;Feasible Pairwise
70;1;0;1;0;0,000;0,150;0;0;0;None;Quadratic;FALSE;Normal;0,13253591139800849;1;0,04626469621006912;FALSE;Constrained HOIs
80;1;0;1;0;0,000;0,150;0;0;0;None;Quadratic;FALSE;Normal;0,19913245411589744;1;0,20918689533681564;FALSE;Feasible Pairwise
80;1;0;1;0;0,000;0,150;0;0;0;None;Quadratic;FALSE;Normal;0,19913245411589744;1;0,23591233878898535;FALSE;Constrained HOIs
90;1;0;1;0;0,000;0,150;0;0;0;None;Quadratic;FALSE;Normal;0,31120023340918124;1;0,28022879032639153;FALSE;Feasible Pairwise
90;1;0;1;0;0,000;0,150;0;0;0;None;Quadratic;FALSE;Normal;0,31120023340918124;1;0,35447367435252286;FALSE;Constrained HOIs
100;1;0;1;0;0,000;0,150;0;0;0;None;Quadratic;FALSE;Normal;0,34855771833099425;1;0,39636286431358114;FALSE;Feasible Pairwise
100;1;0;1;0;0,000;0,150;0;0;0;None;Quadratic;FALSE;Normal;0,34855771833099425;1;0,46207536290292311;FALSE;Constrained HOIs
10;1;0;1;0;0,025;0,025;0;0;0;None;Quadratic;FALSE;Normal;0,96479544811882079;1;-0,91657700964046895;TRUE;Feasible Pairwise
10;1;0;1;0;0,025;0,025;0;0;0;None;Quadratic;FALSE;Normal;0,96479544811882079;1;-0,79241861533751856;TRUE;Constrained HOIs
20;1;0;1;0;0,025;0,025;0;0;0;None;Quadratic;FALSE;Normal;0,55538509343750775;1;-0,89249319220833923;TRUE;Feasible Pairwise
20;1;0;1;0;0,025;0,025;0;0;0;None;Quadratic;FALSE;Normal;0,55538509343750775;1;-0,52606017637806668;TRUE;Constrained HOIs
30;1;0;1;0;0,025;0,025;0;0;0;None;Quadratic;FALSE;Normal;0,49526590970344841;1;-0,84965360690994252;TRUE;Feasible Pairwise
30;1;0;1;0;0,025;0,025;0;0;0;None;Quadratic;FALSE;Normal;0,49526590970344841;1;-0,28507924868236012;TRUE;Constrained HOIs
40;1;0;1;0;0,025;0,025;0;0;0;None;Quadratic;FALSE;Normal;0,00703044235706329;1;-0,83952363595859580;TRUE;Feasible Pairwise
40;1;0;1;0;0,025;0,025;0;0;0;None;Quadratic;FALSE;Normal;0,00703044235706329;1;-0,07601979539395826;TRUE;Constrained HOIs
50;1;0;1;0;0,025;0,025;0;0;0;None;Quadratic;FALSE;Normal;0,47950663906522095;1;-0,80682605987410627;TRUE;Feasible Pairwise
50;1;0;1;0;0,025;0,025;0;0;0;None;Quadratic;FALSE;Normal;0,47950663906522095;1;0,18884048879174120;FALSE;Constrained HOIs
60;1;0;1;0;0,025;0,025;0;0;0;None;Quadratic;FALSE;Normal;0,25476000411435962;1;-0,80805324160156267;TRUE;Feasible Pairwise
60;1;0;1;0;0,025;0,025;0;0;0;None;Quadratic;FALSE;Normal;0,25476000411435962;1;0,43158947168515410;FALSE;Constrained HOIs
70;1;0;1;0;0,025;0,025;0;0;0;None;Quadratic;FALSE;Normal;0,98393100104294717;1;-0,79082549847395489;TRUE;Feasible Pairwise
70;1;0;1;0;0,025;0,025;0;0;0;None;Quadratic;FALSE;Normal;0,98393100104294717;1;0,69889420856418583;FALSE;Constrained HOIs
80;1;0;1;0;0,025;0,025;0;0;0;None;Quadratic;FALSE;Normal;0,74636479117907584;1;-0,74860352574938027;TRUE;Feasible Pairwise
80;1;0;1;0;0,025;0,025;0;0;0;None;Quadratic;FALSE;Normal;0,74636479117907584;1;0,95076544130245999;FALSE;Constrained HOIs
90;1;0;1;0;0,025;0,025;0;0;0;None;Quadratic;FALSE;Normal;0,84162646741606284;1;-0,72945303537029793;TRUE;Feasible Pairwise
90;1;0;1;0;0,025;0,025;0;0;0;None;Quadratic;FALSE;Normal;0,84162646741606284;1;1,21650156180536628;FALSE;Constrained HOIs
100;1;0;1;0;0,025;0,025;0;0;0;None;Quadratic;FALSE;Normal;0,97473936481401324;1;-0,74388097128105701;TRUE;Feasible Pairwise
100;1;0;1;0;0,025;0,025;0;0;0;None;Quadratic;FALSE;Normal;0,97473936481401324;1;1,46259810772076682;FALSE;Constrained HOIs
10;1;0;1;0;-0,025;0,025;0;0;0;None;Quadratic;FALSE;Normal;0,76969711505807936;1;-0,75931961412289173;TRUE;Feasible Pairwise
10;1;0;1;0;-0,025;0,025;0;0;0;None;Quadratic;FALSE;Normal;0,76969711505807936;1;-0,91336924252968676;TRUE;Constrained HOIs
20;1;0;1;0;-0,025;0,025;0;0;0;None;Quadratic;FALSE;Normal;0,02736391732469201;1;-0,51410415942275078;TRUE;Feasible Pairwise
20;1;0;1;0;-0,025;0,025;0;0;0;None;Quadratic;FALSE;Normal;0,02736391732469201;1;-0,86428351151078131;TRUE;Constrained HOIs
30;1;0;1;0;-0,025;0,025;0;0;0;None;Quadratic;FALSE;Normal;0,87882537255063653;1;-0,26741413055799795;TRUE;Feasible Pairwise
30;1;0;1;0;-0,025;0,025;0;0;0;None;Quadratic;FALSE;Normal;0,87882537255063653;1;-0,83730995952263187;TRUE;Constrained HOIs
40;1;0;1;0;-0,025;0,025;0;0;0;None;Quadratic;FALSE;Normal;0,75959245488047600;1;-0,05225759577711773;TRUE;Feasible Pairwise
40;1;0;1;0;-0,025;0,025;0;0;0;None;Quadratic;FALSE;Normal;0,75959245488047600;1;-0,79711861656819372;TRUE;Constrained HOIs
50;1;0;1;0;-0,025;0,025;0;0;0;None;Quadratic;FALSE;Normal;0,84311286406591535;1;0,24036833738042468;FALSE;Feasible Pairwise
50;1;0;1;0;-0,025;0,025;0;0;0;None;Quadratic;FALSE;Normal;0,84311286406591535;1;-0,81967647377281583;TRUE;Constrained HOIs
60;1;0;1;0;-0,025;0,025;0;0;0;None;Quadratic;FALSE;Normal;0,43711479357443750;1;0,48694156515808934;FALSE;Feasible Pairwise
60;1;0;1;0;-0,025;0,025;0;0;0;None;Quadratic;FALSE;Normal;0,43711479357443750;1;-0,78070340490961232;TRUE;Constrained HOIs
70;1;0;1;0;-0,025;0,025;0;0;0;None;Quadratic;FALSE;Normal;0,16823941492475569;1;0,75164931519832412;FALSE;Feasible Pairwise
70;1;0;1;0;-0,025;0,025;0;0;0;None;Quadratic;FALSE;Normal;0,16823941492475569;1;-0,78800903079594620;TRUE;Constrained HOIs
80;1;0;1;0;-0,025;0,025;0;0;0;None;Quadratic;FALSE;Normal;0,27482566889375448;1;0,99018459767458544;FALSE;Feasible Pairwise
80;1;0;1;0;-0,025;0,025;0;0;0;None;Quadratic;FALSE;Normal;0,27482566889375448;1;-0,75982657549079213;TRUE;Constrained HOIs
90;1;0;1;0;-0,025;0,025;0;0;0;None;Quadratic;FALSE;Normal;0,50146658602170646;1;1,23098452261031532;FALSE;Feasible Pairwise
90;1;0;1;0;-0,025;0,025;0;0;0;None;Quadratic;FALSE;Normal;0,50146658602170646;1;-0,74185472022462540;TRUE;Constrained HOIs
100;1;0;1;0;-0,025;0,025;0;0;0;None;Quadratic;FALSE;Normal;0,12475986010394990;1;1,50229229962344424;FALSE;Feasible Pairwise
100;1;0;1;0;-0,025;0,025;0;0;0;None;Quadratic;FALSE;Normal;0,12475986010394990;1;-0,76687925984596661;TRUE;Constrained HOIs
10;1;0;1;0;0,000;0,150;0;0;0;None;Quadratic;FALSE;Normal;0,93082912382669747;1;-0,59135332360686965;TRUE;Feasible Pairwise
10;1;0;1;0;0,000;0,150;0;0;0;None;Quadratic;FALSE;Normal;0,93082912382669747;1;-0,48996139104398329;TRUE;Constrained HOIs
20;1;0;1;0;0,000;0,150;0;0;0;None;Quadratic;FALSE;Normal;0,05921342317014933;1;-0,48303829212269689;TRUE;Feasible Pairwise
20;1;0;1;0;0,000;0,150;0;0;0;None;Quadratic;FALSE;Normal;0,05921342317014933;1;-0,46376925297568811;TRUE;Constrained HOIs
30;1;0;1;0;0,000;0,150;0;0;0;None;Quadratic;FALSE;Normal;0,03962975204922259;1;-0,28167740252213380;TRUE;Feasible Pairwise
30;1;0;1;0;0,000;0,150;0;0;0;None;Quadratic;FALSE;Normal;0,03962975204922259;1;-0,15339675019895355;TRUE;Constrained HOIs
40;1;0;1;0;0,000;0,150;0;0;0;None;Quadratic;FALSE;Normal;0,70947499061003327;1;-0,20417176435716844;TRUE;Feasible Pairwise
40;1;0;1;0;0,000;0,150;0;0;0;None;Quadratic;FALSE;Normal;0,70947499061003327;1;-0,19050629787489995;TRUE;Constrained HOIs
50;1;0;1;0;0,000;0,150;0;0;0;None;Quadratic;FALSE;Normal;0,70765717490576208;1;0,33377984171430514;FALSE;Feasible Pairwise
50;1;0;1;0;0,000;0,150;0;0;0;None;Quadratic;FALSE;Normal;0,70765717490576208;1;0,30853695223504174;FALSE;Constrained HOIs
60;1;0;1;0;0,000;0,150;0;0;0;None;Quadratic;FALSE;Normal;0,19802695070393384;1;0,19339972218843443;FALSE;Feasible Pairwise
60;1;0;1;0;0,000;0,150;0;0;0;None;Quadratic;FALSE;Normal;0,19802695070393384;1;0,20483115730978349;FALSE;Constrained HOIs
70;1;0;1;0;0,000;0,150;0;0;0;None;Quadratic;FALSE;Normal;0,54085237230174243;1;0,15599226195537874;FALSE;Feasible Pairwise
70;1;0;1;0;0,000;0,150;0;0;0;None;Quadratic;FALSE;Normal;0,54085237230174243;1;0,20520086155404652;FALSE;Constrained HOIs
80;1;0;1;0;0,000;0,150;0;0;0;None;Quadratic;FALSE;Normal;0,32252781465649605;1;0,29091528885005385;FALSE;Feasible Pairwise
80;1;0;1;0;0,000;0,150;0;0;0;None;Quadratic;FALSE;Normal;0,32252781465649605;1;0,31953449856037297;FALSE;Constrained HOIs
90;1;0;1;0;0,000;0,150;0;0;0;None;Quadratic;FALSE;Normal;0,07236393634229898;1;0,39003711077871905;FALSE;Feasible Pairwise
90;1;0;1;0;0,000;0,150;0;0;0;None;Quadratic;FALSE;Normal;0,07236393634229898;1;0,40256653102948337;FALSE;Constrained HOIs
100;1;0;1;0;0,000;0,150;0;0;0;None;Quadratic;FALSE;Normal;0,92411778983660053;1;0,34285717043409258;FALSE;Feasible Pairwise
100;1;0;1;0;0,000;0,150;0;0;0;None;Quadratic;FALSE;Normal;0,92411778983660053;1;0,38716091009779879;FALSE;Constrained HOIs
10;1;0;1;0;0,025;0,025;0;0;0;None;Quadratic;FALSE;Normal;0,65956857008859515;1;-0,92152360165831460;TRUE;Feasible Pairwise
10;1;0;1;0;0,025;0,025;0;0;0;None;Quadratic;FALSE;Normal;0,65956857008859515;1;-0,81384394402630411;TRUE;Constrained HOIs
20;1;0;1;0;0,025;0,025;0;0;0;None;Quadratic;FALSE;Normal;0,45734429848380381;1;-0,85983807161255932;TRUE;Feasible Pairwise
20;1;0;1;0;0,025;0,025;0;0;0;None;Quadratic;FALSE;Normal;0,45734429848380381;1;-0,53543059846978613;TRUE;Constrained HOIs
30;1;0;1;0;0,025;0,025;0;0;0;None;Quadratic;FALSE;Normal;0,02428745361976326;1;-0,87527255004209614;TRUE;Feasible Pairwise
30;1;0;1;0;0,025;0,025;0;0;0;None;Quadratic;FALSE;Normal;0,02428745361976326;1;-0,27337688448051717;TRUE;Constrained HOIs
40;1;0;1;0;0,025;0,025;0;0;0;None;Quadratic;FALSE;Normal;0,46313114115037024;1;-0,84052105685280654;TRUE;Feasible Pairwise
40;1;0;1;0;0,025;0,025;0;0;0;None;Quadratic;FALSE;Normal;0,46313114115037024;1;-0,00558162750940047;TRUE;Constrained HOIs
50;1;0;1;0;0,025;0,025;0;0;0;None;Quadratic;FALSE;Normal;0,56453958153724670;1;-0,79227421022466116;TRUE;Feasible Pairwise
50;1;0;1;0;0,025;0,025;0;0;0;None;Quadratic;FALSE;Normal;0,56453958153724670;1;0,22291317425916785;FALSE;Constrained HOIs
60;1;0;1;0;0,025;0,025;0;0;0;None;Quadratic;FALSE;Normal;0,63454691087827086;1;-0,80476951039323330;TRUE;Feasible Pairwise
60;1;0;1;0;0,025;0,025;0;0;0;None;Quadratic;FALSE;Normal;0,63454691087827086;1;0,42970254495087601;FALSE;Constrained HOIs
70;1;0;1;0;0,025;0,025;0;0;0;None;Quadratic;FALSE;Normal;0,73764541489072144;1;-0,75413192937978157;TRUE;Feasible Pairwise
70;1;0;1;0;0,025;0,025;0;0;0;None;Quadratic;FALSE;Normal;0,73764541489072144;1;0,67857654237524401;FALSE;Constrained HOIs
80;1;0;1;0;0,025;0,025;0;0;0;None;Quadratic;FALSE;Normal;0,09206346678547560;1;-0,77658668931448749;TRUE;Feasible Pairwise
80;1;0;1;0;0,025;0,025;0;0;0;None;Quadratic;FALSE;Normal;0,09206346678547560;1;0,97526624889663260;FALSE;Constrained HOIs
90;1;0;1;0;0,025;0,025;0;0;0;None;Quadratic;FALSE;Normal;0,71227645291946828;1;-0,75586629274943307;TRUE;Feasible Pairwise
90;1;0;1;0;0,025;0,025;0;0;0;None;Quadratic;FALSE;Normal;0,71227645291946828;1;1,25213900905297026;FALSE;Constrained HOIs
100;1;0;1;0;0,025;0,025;0;0;0;None;Quadratic;FALSE;Normal;0,47427430702373385;1;-0,76236896747247163;TRUE;Feasible Pairwise
100;1;0;1;0;0,025;0,025;0;0;0;None;Quadratic;FALSE;Normal;0,47427430702373385;1;1,45417816640336661;FALSE;Constrained HOIs
10;1;0;1;0;-0,025;0,025;0;0;0;None;Quadratic;FALSE;Normal;0,24945927364751697;1;-0,75761439164971045;TRUE;Feasible Pairwise
10;1;0;1;0;-0,025;0,025;0;0;0;None;Quadratic;FALSE;Normal;0,24945927364751697;1;-0,89647403393091107;TRUE;Constrained HOIs
20;1;0;1;0;-0,025;0,025;0;0;0;None;Quadratic;FALSE;Normal;0,56877147383056581;1;-0,53881849080489952;TRUE;Feasible Pairwise
20;1;0;1;0;-0,025;0,025;0;0;0;None;Quadratic;FALSE;Normal;0,56877147383056581;1;-0,84961111903736874;TRUE;Constrained HOIs
30;1;0;1;0;-0,025;0,025;0;0;0;None;Quadratic;FALSE;Normal;0,17410915018990636;1;-0,31572415141830912;TRUE;Feasible Pairwise
30;1;0;1;0;-0,025;0,025;0;0;0;None;Quadratic;FALSE;Normal;0,17410915018990636;1;-0,84684113398247285;TRUE;Constrained HOIs
40;1;0;1;0;-0,025;0,025;0;0;0;None;Quadratic;FALSE;Normal;0,03216893062926829;1;-0,06973504321844629;TRUE;Feasible Pairwise
40;1;0;1;0;-0,025;0,025;0;0;0;None;Quadratic;FALSE;Normal;0,03216893062926829;1;-0,83662973132639595;TRUE;Constrained HOIs
50;1;0;1;0;-0,025;0,025;0;0;0;None;Quadratic;FALSE;Normal;0,33650085981935263;1;0,22668381880337135;FALSE;Feasible Pairwise
50;1;0;1;0;-0,025;0,025;0;0;0;None;Quadratic;FALSE;Normal;0,33650085981935263;1;-0,80992796641882303;TRUE;Constrained HOIs
60;1;0;1;0;-0,025;0,025;0;0;0;None;Quadratic;FALSE;Normal;0,58234921749681234;1;0,47200134690489609;FALSE;Feasible Pairwise
60;1;0;1;0;-0,025;0,025;0;0;0;None;Quadratic;FALSE;Normal;0,58234921749681234;1;-0,78418213140869919;TRUE;Constrained HOIs
70;1;0;1;0;-0,025;0,025;0;0;0;None;Quadratic;FALSE;Normal;0,49428323772735894;1;0,73707163450932356;FALSE;Feasible Pairwise
70;1;0;1;0;-0,025;0,025;0;0;0;None;Quadratic;FALSE;Normal;0,49428323772735894;1;-0,72281639157124189;TRUE;Constrained HOIs
80;1;0;1;0;-0,025;0,025;0;0;0;None;Quadratic;FALSE;Normal;0,45415391121059656;1;0,92471563839423332;FALSE;Feasible Pairwise
80;1;0;1;0;-0,025;0,025;0;0;0;None;Quadratic;FALSE;Normal;0,45415391121059656;1;-0,72621029876310417;TRUE;Constrained HOIs
90;1;0;1;0;-0,025;0,025;0;0;0;None;Quadratic;FALSE;Normal;0,69696549582295120;1;1,21217930952532593;FALSE;Feasible Pairwise
90;1;0;1;0;-0,025;0,025;0;0;0;None;Quadratic;FALSE;Normal;0,69696549582295120;1;-0,70760498747552125;TRUE;Constrained HOIs
100;1;0;1;0;-0,025;0,025;0;0;0;None;Quadratic;FALSE;Normal;0,80259629711508751;1;1,52461449656405534;FALSE;Feasible Pairwise
100;1;0;1;0;-0,025;0,025;0;0;0;None;Quadratic;FALSE;Normal;0,80259629711508751;1;-0,70468032538266712;TRUE;Constrained HOIs
10;1;0;1;0;0,000;0,150;0;0;0;None;Quadratic;FALSE;Normal;0,61749035469256341;1;-0,66826837427281449;TRUE;Feasible Pairwise
10;1;0;1;0;0,000;0,150;0;0;0;None;Quadratic;FALSE;Normal;0,61749035469256341;1;-0,60617733314020650;TRUE;Constrained HOIs
20;1;0;1;0;0,000;0,150;0;0;0;None;Quadratic;FALSE;Normal;0,51032990636304021;1;-0,35719698775053815;TRUE;Feasible Pairwise
20;1;0;1;0;0,000;0,150;0;0;0;None;Quadratic;FALSE;Normal;0,51032990636304021;1;-0,53617704490144069;TRUE;Constrained HOIs
30;1;0;1;0;0,000;0,150;0;0;0;None;Quadratic;FALSE;Normal;0,28661139844916761;1;-0,27955562734745548;TRUE;Feasible Pairwise
30;1;0;1;0;0,000;0,150;0;0;0;None;Quadratic;FALSE;Normal;0,28661139844916761;1;-0,22369726313322055;TRUE;Constrained HOIs
40;1;0;1;0;0,000;0,150;0;0;0;None;Quadratic;FALSE;Normal;0,58842949662357569;1;0,05347524801404601;FALSE;Feasible Pairwise
40;1;0;1;0;0,000;0,150;0;0;0;None;Quadratic;FALSE;Normal;0,58842949662357569;1;0,10185723073854765;FALSE;Constrained HOIs
50;1;0;1;0;0,000;0,150;0;0;0;None;Quadratic;FALSE;Normal;0,79568689246661972;1;0,00063832531980427;FALSE;Feasible Pairwise
50;1;0;1;0;0,000;0,150;0;0;0;None;Quadratic;FALSE;Normal;0,79568689246661972;1;-0,06193466533466129;TRUE;Constrained HOIs
60;1;0;1;0;0,000;0,150;0;0;0;None;Quadratic;FALSE;Normal;0,70700333360582590;1;0,07117249445514578;FALSE;Feasible Pairwise
60;1;0;1;0;0,000;0,150;0;0;0;None;Quadratic;FALSE;Normal;0,70700333360582590;1;0,09806080911656156;FALSE;Constrained HOIs
70;1;0;1;0;0,000;0,150;0;0;0;None;Quadratic;FALSE;Normal;0,52991452161222696;1;0,23618874996338615;FALSE;Feasible Pairwise
70;1;0;1;0;0,000;0,150;0;0;0;None;Quadratic;FALSE;Normal;0,52991452161222696;1;0,23427399342291905;FALSE;Constrained HOIs
80;1;0;1;0;0,000;0,150;0;0;0;None;Quadratic;FALSE;Normal;0,54668113286606967;1;0,39813787406699569;FALSE;Feasible Pairwise
80;1;0;1;0;0,000;0,150;0;0;0;None;Quadratic;FALSE;Normal;0,54668113286606967;1;0,20300722254898407;FALSE;Constrained HOIs
90;1;0;1;0;0,000;0,150;0;0;0;None;Quadratic;FALSE;Normal;0,04193584085442126;1;0,20562429165071783;FALSE;Feasible Pairwise
90;1;0;1;0;0,000;0,150;0;0;0;None;Quadratic;FALSE;Normal;0,04193584085442126;1;0,37627690007711317;FALSE;Constrained HOIs
100;1;0;1;0;0,000;0,150;0;0;0;None;Quadratic;FALSE;Normal;0,47909141029231250;1;0,51582750479834871;FALSE;Feasible Pairwise
100;1;0;1;0;0,000;0,150;0;0;0;None;Quadratic;FALSE;Normal;0,47909141029231250;1;0,51075708110119933;FALSE;Constrained HOIs
10;1;0;1;0;0,025;0,025;0;0;0;None;Quadratic;FALSE;Normal;0,92805840098299086;1;-0,91897553100362461;TRUE;Feasible Pairwise
10;1;0;1;0;0,025;0,025;0;0;0;None;Quadratic;FALSE;Normal;0,92805840098299086;1;-0,74698083450877761;TRUE;Constrained HOIs
20;1;0;1;0;0,025;0,025;0;0;0;None;Quadratic;FALSE;Normal;0,29496737662702799;1;-0,90811757334009902;TRUE;Feasible Pairwise
20;1;0;1;0;0,025;0,025;0;0;0;None;Quadratic;FALSE;Normal;0,29496737662702799;1;-0,52699893324265679;TRUE;Constrained HOIs
30;1;0;1;0;0,025;0,025;0;0;0;None;Quadratic;FALSE;Normal;0,50113311177119613;1;-0,85112762508367068;TRUE;Feasible Pairwise
30;1;0;1;0;0,025;0,025;0;0;0;None;Quadratic;FALSE;Normal;0,50113311177119613;1;-0,27551051335680210;TRUE;Constrained HOIs
40;1;0;1;0;0,025;0,025;0;0;0;None;Quadratic;FALSE;Normal;0,62756898417137563;1;-0,82574154436344094;TRUE;Feasible Pairwise
40;1;0;1;0;0,025;0,025;0;0;0;None;Quadratic;FALSE;Normal;0,62756898417137563;1;-0,03222861158731878;TRUE;Constrained HOIs
50;1;0;1;0;0,025;0,025;0;0;0;None;Quadratic;FALSE;Normal;0,36153159663081169;1;-0,80865721699153204;TRUE;Feasible Pairwise
50;1;0;1;0;0,025;0,025;0;0;0;None;Quadratic;FALSE;Normal;0,36153159663081169;1;0,23407796222526531;FALSE;Constrained HOIs
60;1;0;1;0;0,025;0,025;0;0;0;None;Quadratic;FALSE;Normal;0,00229479023255408;1;-0,81641655985186845;TRUE;Feasible Pairwise
60;1;0;1;0;0,025;0,025;0;0;0;None;Quadratic;FALSE;Normal;0,00229479023255408;1;0,43467831048568600;FALSE;Constrained HOIs
70;1;0;1;0;0,025;0,025;0;0;0;None;Quadratic;FALSE;Normal;0,10595898539759220;1;-0,79643174501319380;TRUE;Feasible Pairwise
70;1;0;1;0;0,025;0,025;0;0;0;None;Quadratic;FALSE;Normal;0,10595898539759220;1;0,72994077838242610;FALSE;Constrained HOIs
80;1;0;1;0;0,025;0,025;0;0;0;None;Quadratic;FALSE;Normal;0,63029489852488041;1;-0,73763496523308747;TRUE;Feasible Pairwise
80;1;0;1;0;0,025;0,025;0;0;0;None;Quadratic;FALSE;Normal;0,63029489852488041;1;0,98875424604941364;FALSE;Constrained HOIs
90;1;0;1;0;0,025;0,025;0;0;0;None;Quadratic;FALSE;Normal;0,49898166325874627;1;-0,74212728866937538;TRUE;Feasible Pairwise
90;1;0;1;0;0,025;0,025;0;0;0;None;Quadratic;FALSE;Normal;0,49898166325874627;1;1,22882239530080950;FALSE;Constrained HOIs
100;1;0;1;0;0,025;0,025;0;0;0;None;Quadratic;FALSE;Normal;0,40947897289879615;1;-0,74150888826370187;TRUE;Feasible Pairwise
100;1;0;1;0;0,025;0,025;0;0;0;None;Quadratic;FALSE;Normal;0,40947897289879615;1;1,45207050431592233;FALSE;Constrained HOIs
10;1;0;1;0;-0,025;0,025;0;0;0;None;Quadratic;FALSE;Normal;0,49013484036549926;1;-0,82219347751320948;TRUE;Feasible Pairwise
10;1;0;1;0;-0,025;0,025;0;0;0;None;Quadratic;FALSE;Normal;0,49013484036549926;1;-0,91998901427491042;TRUE;Constrained HOIs
20;1;0;1;0;-0,025;0,025;0;0;0;None;Quadratic;FALSE;Normal;0,40693524875678122;1;-0,51497280764163766;TRUE;Feasible Pairwise
20;1;0;1;0;-0,025;0,025;0;0;0;None;Quadratic;FALSE;Normal;0,40693524875678122;1;-0,84559603125735039;TRUE;Constrained HOIs
30;1;0;1;0;-0,025;0,025;0;0;0;None;Quadratic;FALSE;Normal;0,84564511920325458;1;-0,24166866446151736;TRUE;Feasible Pairwise
30;1;0;1;0;-0,025;0,025;0;0;0;None;Quadratic;FALSE;Normal;0,84564511920325458;1;-0,86240496440200642;TRUE;Constrained HOIs
40;1;0;1;0;-0,025;0,025;0;0;0;None;Quadratic;FALSE;Normal;0,96051187254488468;1;-0,03390147481295610;TRUE;Feasible Pairwise
40;1;0;1;0;-0,025;0,025;0;0;0;None;Quadratic;FALSE;Normal;0,96051187254488468;1;-0,84121951523044747;TRUE;Constrained HOIs
50;1;0;1;0;-0,025;0,025;0;0;0;None;Quadratic;FALSE;Normal;0,36095260689035058;1;0,22857947114693045;FALSE;Feasible Pairwise
50;1;0;1;0;-0,025;0,025;0;0;0;None;Quadratic;FALSE;Normal;0,36095260689035058;1;-0,81313099436424052;TRUE;Constrained HOIs
60;1;0;1;0;-0,025;0,025;0;0;0;None;Quadratic;FALSE;Normal;0,22793421871028841;1;0,45418704522348891;FALSE;Feasible Pairwise
60;1;0;1;0;-0,025;0,025;0;0;0;None;Quadratic;FALSE;Normal;0,22793421871028841;1;-0,77640997842373838;TRUE;Constrained HOIs
70;1;0;1;0;-0,025;0,025;0;0;0;None;Quadratic;FALSE;Normal;0,08926385035738349;1;0,77315297166842523;FALSE;Feasible Pairwise
70;1;0;1;0;-0,025;0,025;0;0;0;None;Quadratic;FALSE;Normal;0,08926385035738349;1;-0,78172525574028084;TRUE;Constrained HOIs
80;1;0;1;0;-0,025;0,025;0;0;0;None;Quadratic;FALSE;Normal;0,16258064680732787;1;0,96275530419783861;FALSE;Feasible Pairwise
80;1;0;1;0;-0,025;0,025;0;0;0;None;Quadratic;FALSE;Normal;0,16258064680732787;1;-0,75098900592037643;TRUE;Constrained HOIs
90;1;0;1;0;-0,025;0,025;0;0;0;None;Quadratic;FALSE;Normal;0,09327347134239972;1;1,23069485225256781;FALSE;Feasible Pairwise
90;1;0;1;0;-0,025;0,025;0;0;0;None;Quadratic;FALSE;Normal;0,09327347134239972;1;-0,75001940009768853;TRUE;Constrained HOIs
100;1;0;1;0;-0,025;0,025;0;0;0;None;Quadratic;FALSE;Normal;0,62666557147167623;1;1,51501382879023994;FALSE;Feasible Pairwise
100;1;0;1;0;-0,025;0,025;0;0;0;None;Quadratic;FALSE;Normal;0,62666557147167623;1;-0,73960454132537723;TRUE;Constrained HOIs
10;1;0;1;0;0,000;0,150;0;0;0;None;Quadratic;FALSE;Normal;0,13315509213134646;1;-0,67601161895430351;TRUE;Feasible Pairwise
10;1;0;1;0;0,000;0,150;0;0;0;None;Quadratic;FALSE;Normal;0,13315509213134646;1;-0,61451032310728704;TRUE;Constrained HOIs
20;1;0;1;0;0,000;0,150;0;0;0;None;Quadratic;FALSE;Normal;0,70026097167283297;1;-0,38747390257711722;TRUE;Feasible Pairwise
20;1;0;1;0;0,000;0,150;0;0;0;None;Quadratic;FALSE;Normal;0,70026097167283297;1;-0,33459828178746520;TRUE;Constrained HOIs
30;1;0;1;0;0,000;0,150;0;0;0;None;Quadratic;FALSE;Normal;0,52733575599268079;1;-0,00513803846509622;TRUE;Feasible Pairwise
30;1;0;1;0;0,000;0,150;0;0;0;None;Quadratic;FALSE;Normal;0,52733575599268079;1;-0,10396301980826551;TRUE;Constrained HOIs
40;1;0;1;0;0,000;0,150;0;0;0;None;Quadratic;FALSE;Normal;0,28664642432704568;1;-0,06093185399992764;TRUE;Feasible Pairwise
40;1;0;1;0;0,000;0,150;0;0;0;None;Quadratic;FALSE;Normal;0,28664642432704568;1;-0,16069732510671439;TRUE;Constrained HOIs
50;1;0;1;0;0,000;0,150;0;0;0;None;Quadratic;FALSE;Normal;0,84672288736328483;1;0,08001000462894611;FALSE;Feasible Pairwise
50;1;0;1;0;0,000;0,150;0;0;0;None;Quadratic;FALSE;Normal;0,84672288736328483;1;-0,01336143128319542;TRUE;Constrained HOIs
60;1;0;1;0;0,000;0,150;0;0;0;None;Quadratic;FALSE;Normal;0,14174889982677996;1;0,16417851985271165;FALSE;Feasible Pairwise
60;1;0;1;0;0,000;0,150;0;0;0;None;Quadratic;FALSE;Normal;0,14174889982677996;1;0,13322707696887967;FALSE;Constrained HOIs
70;1;0;1;0;0,000;0,150;0;0;0;None;Quadratic;FALSE;Normal;0,11390685080550612;1;0,12672051521572381;FALSE;Feasible Pairwise
70;1;0;1;0;0,000;0,150;0;0;0;None;Quadratic;FALSE;Normal;0,11390685080550612;1;0,13279924597490461;FALSE;Constrained HOIs
80;1;0;1;0;0,000;0,150;0;0;0;None;Quadratic;FALSE;Normal;0,82022873056121171;1;0,21371723908647275;FALSE;Feasible Pairwise
80;1;0;1;0;0,000;0,150;0;0;0;None;Quadratic;FALSE;Normal;0,82022873056121171;1;0,16927784906090634;FALSE;Constrained HOIs
90;1;0;1;0;0,000;0,150;0;0;0;None;Quadratic;FALSE;Normal;0,03331761853769422;1;0,40892689202375182;FALSE;Feasible Pairwise
90;1;0;1;0;0,000;0,150;0;0;0;None;Quadratic;FALSE;Normal;0,03331761853769422;1;0,38889469229841478;FALSE;Constrained HOIs
100;1;0;1;0;0,000;0,150;0;0;0;None;Quadratic;FALSE;Normal;0,82652654103003442;1;0,43755585694957966;FALSE;Feasible Pairwise
100;1;0;1;0;0,000;0,150;0;0;0;None;Quadratic;FALSE;Normal;0,82652654103003442;1;0,43752533782294795;FALSE;Constrained HOIs
10;1;0;1;0;0,025;0,025;0;0;0;None;Quadratic;FALSE;Normal;0,46836169390007854;1;-0,93192147553489868;TRUE;Feasible Pairwise
10;1;0;1;0;0,025;0,025;0;0;0;None;Quadratic;FALSE;Normal;0,46836169390007854;1;-0,76997504176896381;TRUE;Constrained HOIs
20;1;0;1;0;0,025;0,025;0;0;0;None;Quadratic;FALSE;Normal;0,70869436045177281;1;-0,88190602764259052;TRUE;Feasible Pairwise
20;1;0;1;0;0,025;0,025;0;0;0;None;Quadratic;FALSE;Normal;0,70869436045177281;1;-0,48856268803153968;TRUE;Constrained HOIs
30;1;0;1;0;0,025;0,025;0;0;0;None;Quadratic;FALSE;Normal;0,27986920811235905;1;-0,87011320748573484;TRUE;Feasible Pairwise
30;1;0;1;0;0,025;0,025;0;0;0;None;Quadratic;FALSE;Normal;0,27986920811235905;1;-0,30848185665704658;TRUE;Constrained HOIs
40;1;0;1;0;0,025;0,025;0;0;0;None;Quadratic;FALSE;Normal;0,63753735134378076;1;-0,81541770944489356;TRUE;Feasible Pairwise
40;1;0;1;0;0,025;0,025;0;0;0;None;Quadratic;FALSE;Normal;0,63753735134378076;1;-0,02451458497446595;TRUE;Constrained HOIs
50;1;0;1;0;0,025;0,025;0;0;0;None;Quadratic;FALSE;Normal;0,72419104701839387;1;-0,83767877862356765;TRUE;Feasible Pairwise
50;1;0;1;0;0,025;0,025;0;0;0;None;Quadratic;FALSE;Normal;0,72419104701839387;1;0,23578512544339569;FALSE;Constrained HOIs
60;1;0;1;0;0,025;0,025;0;0;0;None;Quadratic;FALSE;Normal;0,42722174827940762;1;-0,78325588566118043;TRUE;Feasible Pairwise
60;1;0;1;0;0,025;0,025;0;0;0;None;Quadratic;FALSE;Normal;0,42722174827940762;1;0,51223275960191206;FALSE;Constrained HOIs
70;1;0;1;0;0,025;0,025;0;0;0;None;Quadratic;FALSE;Normal;0,54687208496034145;1;-0,78875945953058235;TRUE;Feasible Pairwise
70;1;0;1;0;0,025;0,025;0;0;0;None;Quadratic;FALSE;Normal;0,54687208496034145;1;0,68544115798055705;FALSE;Constrained HOIs
80;1;0;1;0;0,025;0,025;0;0;0;None;Quadratic;FALSE;Normal;0,26923726685345173;1;-0,74753378180171548;TRUE;Feasible Pairwise
80;1;0;1;0;0,025;0,025;0;0;0;None;Quadratic;FALSE;Normal;0,26923726685345173;1;0,95883636540705197;FALSE;Constrained HOIs
90;1;0;1;0;0,025;0,025;0;0;0;None;Quadratic;FALSE;Normal;0,45630147121846670;1;-0,74727714590718319;TRUE;Feasible Pairwise
90;1;0;1;0;0,025;0,025;0;0;0;None;Quadratic;FALSE;Normal;0,45630147121846670;1;1,25346514234792816;FALSE;Constrained HOIs
100;1;0;1;0;0,025;0,025;0;0;0;None;Quadratic;FALSE;Normal;0,97932471428066492;1;-0,76190961325799844;TRUE;Feasible Pairwise
100;1;0;1;0;0,025;0,025;0;0;0;None;Quadratic;FALSE;Normal;0,97932471428066492;1;1,44459956230196962;FALSE;Constrained HOIs
10;1;0;1;0;-0,025;0,025;0;0;0;None;Quadratic;FALSE;Normal;0,58761541824787855;1;-0,78811526935093068;TRUE;Feasible Pairwise
10;1;0;1;0;-0,025;0,025;0;0;0;None;Quadratic;FALSE;Normal;0,58761541824787855;1;-0,91350521666174078;TRUE;Constrained HOIs
20;1;0;1;0;-0,025;0,025;0;0;0;None;Quadratic;FALSE;Normal;0,17926861857995391;1;-0,50720642205436672;TRUE;Feasible Pairwise
20;1;0;1;0;-0,025;0,025;0;0;0;None;Quadratic;FALSE;Normal;0,17926861857995391;1;-0,84508469444302692;TRUE;Constrained HOIs
30;1;0;1;0;-0,025;0,025;0;0;0;None;Quadratic;FALSE;Normal;0,01330627268180251;1;-0,27350404945634993;TRUE;Feasible Pairwise
30;1;0;1;0;-0,025;0,025;0;0;0;None;Quadratic;FALSE;Normal;0,01330627268180251;1;-0,82807265159330878;TRUE;Constrained HOIs
40;1;0;1;0;-0,025;0,025;0;0;0;None;Quadratic;FALSE;Normal;0,05584057956002653;1;-0,00710787117805433;TRUE;Feasible Pairwise
40;1;0;1;0;-0,025;0,025;0;0;0;None;Quadratic;FALSE;Normal;0,05584057956002653;1;-0,81176513460728961;TRUE;Constrained HOIs
50;1;0;1;0;-0,025;0,025;0;0;0;None;Quadratic;FALSE;Normal;0,54782415064983070;1;0,23800517624551268;FALSE;Feasible Pairwise
50;1;0;1;0;-0,025;0,025;0;0;0;None;Quadratic;FALSE;Normal;0,54782415064983070;1;-0,80099744259283900;TRUE;Constrained HOIs
60;1;0;1;0;-0,025;0,025;0;0;0;None;Quadratic;FALSE;Normal;0,69428067025728524;1;0,49378073324942306;FALSE;Feasible Pairwise
60;1;0;1;0;-0,025;0,025;0;0;0;None;Quadratic;FALSE;Normal;0,69428067025728524;1;-0,77996631751125189;TRUE;Constrained HOIs
70;1;0;1;0;-0,025;0,025;0;0;0;None;Quadratic;FALSE;Normal;0,76898466958664347;1;0,75963805137299489;FALSE;Feasible Pairwise
70;1;0;1;0;-0,025;0,025;0;0;0;None;Quadratic;FALSE;Normal;0,76898466958664347;1;-0,78595131481431602;TRUE;Constrained HOIs
80;1;0;1;0;-0,025;0,025;0;0;0;None;Quadratic;FALSE;Normal;0,88208461599424481;1;0,93420713941224987;FALSE;Feasible Pairwise
80;1;0;1;0;-0,025;0,025;0;0;0;None;Quadratic;FALSE;Normal;0,88208461599424481;1;-0,76884988230928220;TRUE;Constrained HOIs
90;1;0;1;0;-0,025;0,025;0;0;0;None;Quadratic;FALSE;Normal;0,98445687023922801;1;1,21704857858710636;FALSE;Feasible Pairwise
90;1;0;1;0;-0,025;0,025;0;0;0;None;Quadratic;FALSE;Normal;0,98445687023922801;1;-0,74186338439622723;TRUE;Constrained HOIs
100;1;0;1;0;-0,025;0,025;0;0;0;None;Quadratic;FALSE;Normal;0,34215070353820920;1;1,49355503132379530;FALSE;Feasible Pairwise
100;1;0;1;0;-0,025;0,025;0;0;0;None;Quadratic;FALSE;Normal;0,34215070353820920;1;-0,72920933060020621;TRUE;Constrained HOIs
10;1;0;1;0;0,000;0,150;0;0;0;None;Quadratic;FALSE;Normal;0,65796192432753742;1;-0,72209555905305300;TRUE;Feasible Pairwise
10;1;0;1;0;0,000;0,150;0;0;0;None;Quadratic;FALSE;Normal;0,65796192432753742;1;-0,65798294894950105;TRUE;Constrained HOIs
20;1;0;1;0;0,000;0,150;0;0;0;None;Quadratic;FALSE;Normal;0,63873636210337281;1;-0,52489729126914475;TRUE;Feasible Pairwise
20;1;0;1;0;0,000;0,150;0;0;0;None;Quadratic;FALSE;Normal;0,63873636210337281;1;-0,48336372760842689;TRUE;Constrained HOIs
30;1;0;1;0;0,000;0,150;0;0;0;None;Quadratic;FALSE;Normal;0,13085595704615116;1;-0,16359097355831925;TRUE;Feasible Pairwise
30;1;0;1;0;0,000;0,150;0;0;0;None;Quadratic;FALSE;Normal;0,13085595704615116;1;-0,37319138773713600;TRUE;Constrained HOIs
40;1;0;1;0;0,000;0,150;0;0;0;None;Quadratic;FALSE;Normal;0,64238027390092611;1;-0,23258410035954671;TRUE;Feasible Pairwise
40;1;0;1;0;0,000;0,150;0;0;0;None;Quadratic;FALSE;Normal;0,64238027390092611;1;-0,18634911270920651;TRUE;Constrained HOIs
50;1;0;1;0;0,000;0,150;0;0;0;None;Quadratic;FALSE;Normal;0,55763061135075986;1;-0,18134756023240417;TRUE;Feasible Pairwise
50;1;0;1;0;0,000;0,150;0;0;0;None;Quadratic;FALSE;Normal;0,55763061135075986;1;-0,19212548729267939;TRUE;Constrained HOIs
60;1;0;1;0;0,000;0,150;0;0;0;None;Quadratic;FALSE;Normal;0,92892220662906766;1;-0,00991689012956222;TRUE;Feasible Pairwise
60;1;0;1;0;0,000;0,150;0;0;0;None;Quadratic;FALSE;Normal;0,92892220662906766;1;-0,03932861946867621;TRUE;Constrained HOIs
70;1;0;1;0;0,000;0,150;0;0;0;None;Quadratic;FALSE;Normal;0,53502908581867814;1;0,13927043717259807;FALSE;Feasible Pairwise
70;1;0;1;0;0,000;0,150;0;0;0;None;Quadratic;FALSE;Normal;0,53502908581867814;1;0,14326124365744231;FALSE;Constrained HOIs
80;1;0;1;0;0,000;0,150;0;0;0;None;Quadratic;FALSE;Normal;0,83537311968393635;1;0,20683616869306387;FALSE;Feasible Pairwise
80;1;0;1;0;0,000;0,150;0;0;0;None;Quadratic;FALSE;Normal;0,83537311968393635;1;0,27552993591189490;FALSE;Constrained HOIs
90;1;0;1;0;0,000;0,150;0;0;0;None;Quadratic;FALSE;Normal;0,25272030080668628;1;0,42824550227429198;FALSE;Feasible Pairwise
90;1;0;1;0;0,000;0,150;0;0;0;None;Quadratic;FALSE;Normal;0,25272030080668628;1;0,46121999469320785;FALSE;Constrained HOIs
100;1;0;1;0;0,000;0,150;0;0;0;None;Quadratic;FALSE;Normal;0,38638067874126136;1;0,40261919187179090;FALSE;Feasible Pairwise
100;1;0;1;0;0,000;0,150;0;0;0;None;Quadratic;FALSE;Normal;0,38638067874126136;1;0,43064523101650382;FALSE;Constrained HOIs
10;1;0;1;0;0,025;0,025;0;0;0;None;Quadratic;FALSE;Normal;0,42277516983449454;1;-0,92973030545582158;TRUE;Feasible Pairwise
10;1;0;1;0;0,025;0,025;0;0;0;None;Quadratic;FALSE;Normal;0,42277516983449454;1;-0,79329905770308196;TRUE;Constrained HOIs
20;1;0;1;0;0,025;0,025;0;0;0;None;Quadratic;FALSE;Normal;0,01015561236999929;1;-0,86457335432026283;TRUE;Feasible Pairwise
20;1;0;1;0;0,025;0,025;0;0;0;None;Quadratic;FALSE;Normal;0,01015561236999929;1;-0,53160325226200200;TRUE;Constrained HOIs
30;1;0;1;0;0,025;0,025;0;0;0;None;Quadratic;FALSE;Normal;0,16664338554255664;1;-0,86527698128055475;TRUE;Feasible Pairwise
30;1;0;1;0;0,025;0,025;0;0;0;None;Quadratic;FALSE;Normal;0,16664338554255664;1;-0,26114015727650630;TRUE;Constrained HOIs
40;1;0;1;0;0,025;0,025;0;0;0;None;Quadratic;FALSE;Normal;0,74466567137278628;1;-0,83831026213027093;TRUE;Feasible Pairwise
40;1;0;1;0;0,025;0,025;0;0;0;None;Quadratic;FALSE;Normal;0,74466567137278628;1;-0,06520299141718013;TRUE;Constrained HOIs
50;1;0;1;0;0,025;0,025;0;0;0;None;Quadratic;FALSE;Normal;0,67910527321510017;1;-0,82306295973291099;TRUE;Feasible Pairwise
50;1;0;1;0;0,025;0,025;0;0;0;None;Quadratic;FALSE;Normal;0,67910527321510017;1;0,20903896261168592;FALSE;Constrained HOIs
60;1;0;1;0;0,025;0,025;0;0;0;None;Quadratic;FALSE;Normal;0,38110159989446402;1;-0,75586925801974147;TRUE;Feasible Pairwise
60;1;0;1;0;0,025;0,025;0;0;0;None;Quadratic;FALSE;Normal;0,38110159989446402;1;0,44157361664954031;FALSE;Constrained HOIs
70;1;0;1;0;0,025;0,025;0;0;0;None;Quadratic;FALSE;Normal;0,64460357604548335;1;-0,78309672406856112;TRUE;Feasible Pairwise
70;1;0;1;0;0,025;0,025;0;0;0;None;Quadratic;FALSE;Normal;0,64460357604548335;1;0,76372709012004747;FALSE;Constrained HOIs
80;1;0;1;0;0,025;0,025;0;0;0;None;Quadratic;FALSE;Normal;0,40293525089509785;1;-0,74499423958407185;TRUE;Feasible Pairwise
80;1;0;1;0;0,025;0,025;0;0;0;None;Quadratic;FALSE;Normal;0,40293525089509785;1;0,98908312164176204;FALSE;Constrained HOIs
90;1;0;1;0;0,025;0,025;0;0;0;None;Quadratic;FALSE;Normal;0,33386734221130610;1;-0,74719264676589059;TRUE;Feasible Pairwise
90;1;0;1;0;0,025;0,025;0;0;0;None;Quadratic;FALSE;Normal;0,33386734221130610;1;1,22545122311019350;FALSE;Constrained HOIs
100;1;0;1;0;0,025;0,025;0;0;0;None;Quadratic;FALSE;Normal;0,08647732203826308;1;-0,72258019660487627;TRUE;Feasible Pairwise
100;1;0;1;0;0,025;0,025;0;0;0;None;Quadratic;FALSE;Normal;0,08647732203826308;1;1,46205363995195325;FALSE;Constrained HOIs
10;1;0;1;0;-0,025;0,025;0;0;0;None;Quadratic;FALSE;Normal;0,42934121703729033;1;-0,81271076592961744;TRUE;Feasible Pairwise
10;1;0;1;0;-0,025;0,025;0;0;0;None;Quadratic;FALSE;Normal;0,42934121703729033;1;-0,91664833222398157;TRUE;Constrained HOIs
20;1;0;1;0;-0,025;0,025;0;0;0;None;Quadratic;FALSE;Normal;0,36061087250709534;1;-0,56949253141863421;TRUE;Feasible Pairwise
20;1;0;1;0;-0,025;0,025;0;0;0;None;Quadratic;FALSE;Normal;0,36061087250709534;1;-0,86572236042432149;TRUE;Constrained HOIs
30;1;0;1;0;-0,025;0,025;0;0;0;None;Quadratic;FALSE;Normal;0,30305564636364579;1;-0,22222317967471383;TRUE;Feasible Pairwise
30;1;0;1;0;-0,025;0,025;0;0;0;None;Quadratic;FALSE;Normal;0,30305564636364579;1;-0,81908374976643006;TRUE;Constrained HOIs
40;1;0;1;0;-0,025;0,025;0;0;0;None;Quadratic;FALSE;Normal;0,70345342578366399;1;-0,05521088974049434;TRUE;Feasible Pairwise
40;1;0;1;0;-0,025;0,025;0;0;0;None;Quadratic;FALSE;Normal;0,70345342578366399;1;-0,84187516939408580;TRUE;Constrained HOIs
50;1;0;1;0;-0,025;0,025;0;0;0;None;Quadratic;FALSE;Normal;0,77561067673377693;1;0,25659535349572721;FALSE;Feasible Pairwise
50;1;0;1;0;-0,025;0,025;0;0;0;None;Quadratic;FALSE;Normal;0,77561067673377693;1;-0,79540365884171660;TRUE;Constrained HOIs
60;1;0;1;0;-0,025;0,025;0;0;0;None;Quadratic;FALSE;Normal;0,07972391997464001;1;0,49821482808431361;FALSE;Feasible Pairwise
60;1;0;1;0;-0,025;0,025;0;0;0;None;Quadratic;FALSE;Normal;0,07972391997464001;1;-0,80354797068330885;TRUE;Constrained HOIs
70;1;0;1;0;-0,025;0,025;0;0;0;None;Quadratic;FALSE;Normal;0,22849915688857436;1;0,73842488242038429;FALSE;Feasible Pairwise
70;1;0;1;0;-0,025;0,025;0;0;0;None;Quadratic;FALSE;Normal;0,22849915688857436;1;-0,75441888681334546;TRUE;Constrained HOIs
80;1;0;1;0;-0,025;0,025;0;0;0;None;Quadratic;FALSE;Normal;0,69276489014737308;1;0,96238065973468645;FALSE;Feasible Pairwise
80;1;0;1;0;-0,025;0,025;0;0;0;None;Quadratic;FALSE;Normal;0,69276489014737308;1;-0,75364043278817883;TRUE;Constrained HOIs
90;1;0;1;0;-0,025;0,025;0;0;0;None;Quadratic;FALSE;Normal;0,73873024969361722;1;1,23721572462357732;FALSE;Feasible Pairwise
90;1;0;1;0;-0,025;0,025;0;0;0;None;Quadratic;FALSE;Normal;0,73873024969361722;1;-0,72424997346412812;TRUE;Constrained HOIs
100;1;0;1;0;-0,025;0,025;0;0;0;None;Quadratic;FALSE;Normal;0,87250327225774527;1;1,45484980733828762;FALSE;Feasible Pairwise
100;1;0;1;0;-0,025;0,025;0;0;0;None;Quadratic;FALSE;Normal;0,87250327225774527;1;-0,72170366296860955;TRUE;Constrained HOIs
10;1;0;1;0;0,000;0,150;0;0;0;None;Quadratic;FALSE;Normal;0,15435690409503877;1;-0,66590853814861084;TRUE;Feasible Pairwise
10;1;0;1;0;0,000;0,150;0;0;0;None;Quadratic;FALSE;Normal;0,15435690409503877;1;-0,71509673712382382;TRUE;Constrained HOIs
20;1;0;1;0;0,000;0,150;0;0;0;None;Quadratic;FALSE;Normal;0,96061714459210645;1;-0,33411984401870981;TRUE;Feasible Pairwise
20;1;0;1;0;0,000;0,150;0;0;0;None;Quadratic;FALSE;Normal;0,96061714459210645;1;-0,38524544315124232;TRUE;Constrained HOIs
30;1;0;1;0;0,000;0,150;0;0;0;None;Quadratic;FALSE;Normal;0,41731364722363645;1;-0,24291412318888669;TRUE;Feasible Pairwise
30;1;0;1;0;0,000;0,150;0;0;0;None;Quadratic;FALSE;Normal;0,41731364722363645;1;-0,22277570780752984;TRUE;Constrained HOIs
40;1;0;1;0;0,000;0,150;0;0;0;None;Quadratic;FALSE;Normal;0,82852066075429309;1;-0,17584076743699761;TRUE;Feasible Pairwise
40;1;0;1;0;0,000;0,150;0;0;0;None;Quadratic;FALSE;Normal;0,82852066075429309;1;-0,04899836493702578;TRUE;Constrained HOIs
50;1;0;1;0;0,000;0,150;0;0;0;None;Quadratic;FALSE;Normal;0,44848506944254041;1;-0,15416251489666033;TRUE;Feasible Pairwise
50;1;0;1;0;0,000;0,150;0;0;0;None;Quadratic;FALSE;Normal;0,44848506944254041;1;-0,17134876181133371;TRUE;Constrained HOIs
60;1;0;1;0;0,000;0,150;0;0;0;None;Quadratic;FALSE;Normal;0,63671952392905951;1;0,27544770374962807;FALSE;Feasible Pairwise
60;1;0;1;0;0,000;0,150;0;0;0;None;Quadratic;FALSE;Normal;0,63671952392905951;1;0,28589048123569399;FALSE;Constrained HOIs
70;1;0;1;0;0,000;0,150;0;0;0;None;Quadratic;FALSE;Normal;0,35550079867243767;1;0,21852568330624264;FALSE;Feasible Pairwise
70;1;0;1;0;0,000;0,150;0;0;0;None;Quadratic;FALSE;Normal;0,35550079867243767;1;0,22438472121716352;FALSE;Constrained HOIs
80;1;0;1;0;0,000;0,150;0;0;0;None;Quadratic;FALSE;Normal;0,75369231449440133;1;0,08804857020915335;FALSE;Feasible Pairwise
80;1;0;1;0;0,000;0,150;0;0;0;None;Quadratic;FALSE;Normal;0,75369231449440133;1;0,07830389489418997;FALSE;Constrained HOIs
90;1;0;1;0;0,000;0,150;0;0;0;None;Quadratic;FALSE;Normal;0,36626577563583845;1;0,37884720436663583;FALSE;Feasible Pairwise
90;1;0;1;0;0,000;0,150;0;0;0;None;Quadratic;FALSE;Normal;0,36626577563583845;1;0,36691800435245842;FALSE;Constrained HOIs
100;1;0;1;0;0,000;0,150;0;0;0;None;Quadratic;FALSE;Normal;0,54143711039796472;1;0,34386594995929820;FALSE;Feasible Pairwise
100;1;0;1;0;0,000;0,150;0;0;0;None;Quadratic;FALSE;Normal;0,54143711039796472;1;0,33731566761123322;FALSE;Constrained HOIs
10;1;0;1;0;0,025;0,025;0;0;0;None;Quadratic;FALSE;Normal;0,88117925077676773;1;-0,93208956499368867;TRUE;Feasible Pairwise
10;1;0;1;0;0,025;0,025;0;0;0;None;Quadratic;FALSE;Normal;0,88117925077676773;1;-0,78932067640742465;TRUE;Constrained HOIs
20;1;0;1;0;0,025;0,025;0;0;0;None;Quadratic;FALSE;Normal;0,09072292619384824;1;-0,88035821658624980;TRUE;Feasible Pairwise
20;1;0;1;0;0,025;0,025;0;0;0;None;Quadratic;FALSE;Normal;0,09072292619384824;1;-0,53397212094507651;TRUE;Constrained HOIs
30;1;0;1;0;0,025;0,025;0;0;0;None;Quadratic;FALSE;Normal;0,29262699349783361;1;-0,84218082966277419;TRUE;Feasible Pairwise
30;1;0;1;0;0,025;0,025;0;0;0;None;Quadratic;FALSE;Normal;0,29262699349783361;1;-0,26850282318779073;TRUE;Constrained HOIs
40;1;0;1;0;0,025;0,025;0;0;0;None;Quadratic;FALSE;Normal;0,42219471069984138;1;-0,81474602449140532;TRUE;Feasible Pairwise
40;1;0;1;0;0,025;0,025;0;0;0;None;Quadratic;FALSE;Normal;0,42219471069984138;1;-0,01130485043238562;TRUE;Constrained HOIs
50;1;0;1;0;0,025;0,025;0;0;0;None;Quadratic;FALSE;Normal;0,47752929083071649;1;-0,79783438830213826;TRUE;Feasible Pairwise
50;1;0;1;0;0,025;0,025;0;0;0;None;Quadratic;FALSE;Normal;0,47752929083071649;1;0,23162635642127405;FALSE;Constrained HOIs
60;1;0;1;0;0,025;0,025;0;0;0;None;Quadratic;FALSE;Normal;0,40820302977226675;1;-0,79484570106411234;TRUE;Feasible Pairwise
60;1;0;1;0;0,025;0,025;0;0;0;None;Quadratic;FALSE;Normal;0,40820302977226675;1;0,46140495493233946;FALSE;Constrained HOIs
70;1;0;1;0;0,025;0,025;0;0;0;None;Quadratic;FALSE;Normal;0,47419590712524951;1;-0,78416422912662531;TRUE;Feasible Pairwise
70;1;0;1;0;0,025;0,025;0;0;0;None;Quadratic;FALSE;Normal;0,47419590712524951;1;0,70188606199595027;FALSE;Constrained HOIs
80;1;0;1;0;0,025;0,025;0;0;0;None;Quadratic;FALSE;Normal;0,34030646597966552;1;-0,77087217270051445;TRUE;Feasible Pairwise
80;1;0;1;0;0,025;0,025;0;0;0;None;Quadratic;FALSE;Normal;0,34030646597966552;1;0,93313634020418068;FALSE;Constrained HOIs
90;1;0;1;0;0,025;0,025;0;0;0;None;Quadratic;FALSE;Normal;0,00481258239597082;1;-0,72313294689430396;TRUE;Feasible Pairwise
90;1;0;1;0;0,025;0,025;0;0;0;None;Quadratic;FALSE;Normal;0,00481258239597082;1;1,20199636979339131;FALSE;Constrained HOIs
100;1;0;1;0;0,025;0,025;0;0;0;None;Quadratic;FALSE;Normal;0,44152791611850262;1;-0,72767695237756291;TRUE;Feasible Pairwise
100;1;0;1;0;0,025;0,025;0;0;0;None;Quadratic;FALSE;Normal;0,44152791611850262;1;1,48177422127033465;FALSE;Constrained HOIs
10;1;0;1;0;-0,025;0,025;0;0;0;None;Quadratic;FALSE;Normal;0,16416663746349514;1;-0,77304018592092172;TRUE;Feasible Pairwise
10;1;0;1;0;-0,025;0,025;0;0;0;None;Quadratic;FALSE;Normal;0,16416663746349514;1;-0,90928153172912030;TRUE;Constrained HOIs
20;1;0;1;0;-0,025;0,025;0;0;0;None;Quadratic;FALSE;Normal;0,61714263842441142;1;-0,53657575364847077;TRUE;Feasible Pairwise
20;1;0;1;0;-0,025;0,025;0;0;0;None;Quadratic;FALSE;Normal;0,61714263842441142;1;-0,86856935546179903;TRUE;Constrained HOIs
30;1;0;1;0;-0,025;0,025;0;0;0;None;Quadratic;FALSE;Normal;0,72703322605229925;1;-0,24221920611956693;TRUE;Feasible Pairwise
30;1;0;1;0;-0,025;0,025;0;0;0;None;Quadratic;FALSE;Normal;0,72703322605229925;1;-0,82548145079455004;TRUE;Constrained HOIs
40;1;0;1;0;-0,025;0,025;0;0;0;None;Quadratic;FALSE;Normal;0,08249555481597781;1;-0,09234254873865168;TRUE;Feasible Pairwise
40;1;0;1;0;-0,025;0,025;0;0;0;None;Quadratic;FALSE;Normal;0,08249555481597781;1;-0,81333072936184037;TRUE;Constrained HOIs
50;1;0;1;0;-0,025;0,025;0;0;0;None;Quadratic;FALSE;Normal;0,05279828957282007;1;0,18416876156437539;FALSE;Feasible Pairwise
50;1;0;1;0;-0,025;0,025;0;0;0;None;Quadratic;FALSE;Normal;0,05279828957282007;1;-0,76232288694711647;TRUE;Constrained HOIs
60;1;0;1;0;-0,025;0,025;0;0;0;None;Quadratic;FALSE;Normal;0,15757090435363352;1;0,51729724148501655;FALSE;Feasible Pairwise
60;1;0;1;0;-0,025;0,025;0;0;0;None;Quadratic;FALSE;Normal;0,15757090435363352;1;-0,78700167005603294;TRUE;Constrained HOIs
70;1;0;1;0;-0,025;0,025;0;0;0;None;Quadratic;FALSE;Normal;0,43102118931710720;1;0,69597389996965242;FALSE;Feasible Pairwise
70;1;0;1;0;-0,025;0,025;0;0;0;None;Quadratic;FALSE;Normal;0,43102118931710720;1;-0,74271030296117457;TRUE;Constrained HOIs
80;1;0;1;0;-0,025;0,025;0;0;0;None;Quadratic;FALSE;Normal;0,26510018319822848;1;0,99331542115120397;FALSE;Feasible Pairwise
80;1;0;1;0;-0,025;0,025;0;0;0;None;Quadratic;FALSE;Normal;0,26510018319822848;1;-0,75043831437152209;TRUE;Constrained HOIs
90;1;0;1;0;-0,025;0,025;0;0;0;None;Quadratic;FALSE;Normal;0,01555014331825078;1;1,21602176440585596;FALSE;Feasible Pairwise
90;1;0;1;0;-0,025;0,025;0;0;0;None;Quadratic;FALSE;Normal;0,01555014331825078;1;-0,76651241083069888;TRUE;Constrained HOIs
100;1;0;1;0;-0,025;0,025;0;0;0;None;Quadratic;FALSE;Normal;0,88033791934140027;1;1,45810614736131061;FALSE;Feasible Pairwise
100;1;0;1;0;-0,025;0,025;0;0;0;None;Quadratic;FALSE;Normal;0,88033791934140027;1;-0,73823977708915867;TRUE;Constrained HOIs
10;1;0;1;0;0,000;0,150;0;0;0;None;Quadratic;FALSE;Normal;0,02771330834366381;1;-0,72536432413613150;TRUE;Feasible Pairwise
10;1;0;1;0;0,000;0,150;0;0;0;None;Quadratic;FALSE;Normal;0,02771330834366381;1;-0,60549901337507672;TRUE;Constrained HOIs
20;1;0;1;0;0,000;0,150;0;0;0;None;Quadratic;FALSE;Normal;0,53490306623280048;1;-0,45810476020405921;TRUE;Feasible Pairwise
20;1;0;1;0;0,000;0,150;0;0;0;None;Quadratic;FALSE;Normal;0,53490306623280048;1;-0,49597358955827209;TRUE;Constrained HOIs
30;1;0;1;0;0,000;0,150;0;0;0;None;Quadratic;FALSE;Normal;0,92485825088806450;1;-0,23718798323081397;TRUE;Feasible Pairwise
30;1;0;1;0;0,000;0,150;0;0;0;None;Quadratic;FALSE;Normal;0,92485825088806450;1;-0,27071423509155790;TRUE;Constrained HOIs
40;1;0;1;0;0,000;0,150;0;0;0;None;Quadratic;FALSE;Normal;0,12036863621324299;1;-0,05039346803109653;TRUE;Feasible Pairwise
40;1;0;1;0;0,000;0,150;0;0;0;None;Quadratic;FALSE;Normal;0,12036863621324299;1;-0,06400268788920550;TRUE;Constrained HOIs
50;1;0;1;0;0,000;0,150;0;0;0;None;Quadratic;FALSE;Normal;0,57716146600432694;1;0,00963944594767823;FALSE;Feasible Pairwise
50;1;0;1;0;0,000;0,150;0;0;0;None;Quadratic;FALSE;Normal;0,57716146600432694;1;0,04430635771554691;FALSE;Constrained HOIs
60;1;0;1;0;0,000;0,150;0;0;0;None;Quadratic;FALSE;Normal;0,00954982219263911;1;0,01905846462590999;FALSE;Feasible Pairwise
60;1;0;1;0;0,000;0,150;0;0;0;None;Quadratic;FALSE;Normal;0,00954982219263911;1;0,02577273388209696;FALSE;Constrained HOIs
70;1;0;1;0;0,000;0,150;0;0;0;None;Quadratic;FALSE;Normal;0,57053241506218910;1;0,00206623674636285;FALSE;Feasible Pairwise
70;1;0;1;0;0,000;0,150;0;0;0;None;Quadratic;FALSE;Normal;0,57053241506218910;1;0,03862794188493083;FALSE;Constrained HOIs
80;1;0;1;0;0,000;0,150;0;0;0;None;Quadratic;FALSE;Normal;0,43830031435936689;1;0,26881244031765839;FALSE;Feasible Pairwise
80;1;0;1;0;0,000;0,150;0;0;0;None;Quadratic;FALSE;Normal;0,43830031435936689;1;0,43418651658120616;FALSE;Constrained HOIs
90;1;0;1;0;0,000;0,150;0;0;0;None;Quadratic;FALSE;Normal;0,75853436090983462;1;0,54748004314103471;FALSE;Feasible Pairwise
90;1;0;1;0;0,000;0,150;0;0;0;None;Quadratic;FALSE;Normal;0,75853436090983462;1;0,56866491272669450;FALSE;Constrained HOIs
100;1;0;1;0;0,000;0,150;0;0;0;None;Quadratic;FALSE;Normal;0,99221236514858902;1;0,39917996296631297;FALSE;Feasible Pairwise
100;1;0;1;0;0,000;0,150;0;0;0;None;Quadratic;FALSE;Normal;0,99221236514858902;1;0,44422103899994198;FALSE;Constrained HOIs
10;1;0;1;0;0,025;0,025;0;0;0;None;Quadratic;FALSE;Normal;0,35330127482302487;1;-0,92430061589044188;TRUE;Feasible Pairwise
10;1;0;1;0;0,025;0,025;0;0;0;None;Quadratic;FALSE;Normal;0,35330127482302487;1;-0,76888836377611103;TRUE;Constrained HOIs
20;1;0;1;0;0,025;0,025;0;0;0;None;Quadratic;FALSE;Normal;0,34006494237110019;1;-0,88127153918165169;TRUE;Feasible Pairwise
20;1;0;1;0;0,025;0,025;0;0;0;None;Quadratic;FALSE;Normal;0,34006494237110019;1;-0,50416023203970672;TRUE;Constrained HOIs
30;1;0;1;0;0,025;0,025;0;0;0;None;Quadratic;FALSE;Normal;0,68857855000533164;1;-0,87035448486282396;TRUE;Feasible Pairwise
30;1;0;1;0;0,025;0,025;0;0;0;None;Quadratic;FALSE;Normal;0,68857855000533164;1;-0,28732378425642768;TRUE;Constrained HOIs
40;1;0;1;0;0,025;0,025;0;0;0;None;Quadratic;FALSE;Normal;0,74926375853829086;1;-0,80380950322944156;TRUE;Feasible Pairwise
40;1;0;1;0;0,025;0,025;0;0;0;None;Quadratic;FALSE;Normal;0,74926375853829086;1;-0,02602410042874724;TRUE;Constrained HOIs
50;1;0;1;0;0,025;0,025;0;0;0;None;Quadratic;FALSE;Normal;0,10090533178299664;1;-0,79381266448102172;TRUE;Feasible Pairwise
50;1;0;1;0;0,025;0,025;0;0;0;None;Quadratic;FALSE;Normal;0,10090533178299664;1;0,21159060531812868;FALSE;Constrained HOIs
60;1;0;1;0;0,025;0,025;0;0;0;None;Quadratic;FALSE;Normal;0,60499838320538402;1;-0,79584311242774508;TRUE;Feasible Pairwise
60;1;0;1;0;0,025;0,025;0;0;0;None;Quadratic;FALSE;Normal;0,60499838320538402;1;0,44068558672011038;FALSE;Constrained HOIs
70;1;0;1;0;0,025;0,025;0;0;0;None;Quadratic;FALSE;Normal;0,49556952156126494;1;-0,74783576636160964;TRUE;Feasible Pairwise
70;1;0;1;0;0,025;0,025;0;0;0;None;Quadratic;FALSE;Normal;0,49556952156126494;1;0,71522127612603614;FALSE;Constrained HOIs
80;1;0;1;0;0,025;0,025;0;0;0;None;Quadratic;FALSE;Normal;0,86332377442158748;1;-0,75476462967351166;TRUE;Feasible Pairwise
80;1;0;1;0;0,025;0,025;0;0;0;None;Quadratic;FALSE;Normal;0,86332377442158748;1;0,92616935439658132;FALSE;Constrained HOIs
90;1;0;1;0;0,025;0,025;0;0;0;None;Quadratic;FALSE;Normal;0,18490330060012641;1;-0,77264135343354923;TRUE;Feasible Pairwise
90;1;0;1;0;0,025;0,025;0;0;0;None;Quadratic;FALSE;Normal;0,18490330060012641;1;1,20450072678233466;FALSE;Constrained HOIs
100;1;0;1;0;0,025;0,025;0;0;0;None;Quadratic;FALSE;Normal;0,55820678966119885;1;-0,74208808194232523;TRUE;Feasible Pairwise
100;1;0;1;0;0,025;0,025;0;0;0;None;Quadratic;FALSE;Normal;0,55820678966119885;1;1,43212863268434898;FALSE;Constrained HOIs
10;1;0;1;0;-0,025;0,025;0;0;0;None;Quadratic;FALSE;Normal;0,60022135754115880;1;-0,79050652444005010;TRUE;Feasible Pairwise
10;1;0;1;0;-0,025;0,025;0;0;0;None;Quadratic;FALSE;Normal;0,60022135754115880;1;-0,94220191032395539;TRUE;Constrained HOIs
20;1;0;1;0;-0,025;0,025;0;0;0;None;Quadratic;FALSE;Normal;0,01952963485382497;1;-0,53894027463347960;TRUE;Feasible Pairwise
20;1;0;1;0;-0,025;0,025;0;0;0;None;Quadratic;FALSE;Normal;0,01952963485382497;1;-0,84018165611128048;TRUE;Constrained HOIs
30;1;0;1;0;-0,025;0,025;0;0;0;None;Quadratic;FALSE;Normal;0,14809570182114840;1;-0,27026053447413428;TRUE;Feasible Pairwise
30;1;0;1;0;-0,025;0,025;0;0;0;None;Quadratic;FALSE;Normal;0,14809570182114840;1;-0,85893394332518480;TRUE;Constrained HOIs
40;1;0;1;0;-0,025;0,025;0;0;0;None;Quadratic;FALSE;Normal;0,55731110787019134;1;-0,02320047154433350;TRUE;Feasible Pairwise
40;1;0;1;0;-0,025;0,025;0;0;0;None;Quadratic;FALSE;Normal;0,55731110787019134;1;-0,79980943861546316;TRUE;Constrained HOIs
50;1;0;1;0;-0,025;0,025;0;0;0;None;Quadratic;FALSE;Normal;0,38393814652226865;1;0,24617609865603504;FALSE;Feasible Pairwise
50;1;0;1;0;-0,025;0,025;0;0;0;None;Quadratic;FALSE;Normal;0,38393814652226865;1;-0,80798660787287779;TRUE;Constrained HOIs
60;1;0;1;0;-0,025;0,025;0;0;0;None;Quadratic;FALSE;Normal;0,52671326836571097;1;0,43583550154895367;FALSE;Feasible Pairwise
60;1;0;1;0;-0,025;0,025;0;0;0;None;Quadratic;FALSE;Normal;0,52671326836571097;1;-0,78873503643461707;TRUE;Constrained HOIs
70;1;0;1;0;-0,025;0,025;0;0;0;None;Quadratic;FALSE;Normal;0,59999704058282077;1;0,70681959800286120;FALSE;Feasible Pairwise
70;1;0;1;0;-0,025;0,025;0;0;0;None;Quadratic;FALSE;Normal;0,59999704058282077;1;-0,78483305839296591;TRUE;Constrained HOIs
80;1;0;1;0;-0,025;0,025;0;0;0;None;Quadratic;FALSE;Normal;0,48050681641325355;1;0,95020715742234574;FALSE;Feasible Pairwise
80;1;0;1;0;-0,025;0,025;0;0;0;None;Quadratic;FALSE;Normal;0,48050681641325355;1;-0,76854841034645860;TRUE;Constrained HOIs
90;1;0;1;0;-0,025;0,025;0;0;0;None;Quadratic;FALSE;Normal;0,10565921664237976;1;1,20371058676762011;FALSE;Feasible Pairwise
90;1;0;1;0;-0,025;0,025;0;0;0;None;Quadratic;FALSE;Normal;0,10565921664237976;1;-0,74491570203257995;TRUE;Constrained HOIs
100;1;0;1;0;-0,025;0,025;0;0;0;None;Quadratic;FALSE;Normal;0,22763827838934961;1;1,47713847015238953;FALSE;Feasible Pairwise
100;1;0;1;0;-0,025;0,025;0;0;0;None;Quadratic;FALSE;Normal;0,22763827838934961;1;-0,74045581405817051;TRUE;Constrained HOIs
10;1;0;1;0;0,000;0,150;0;0;0;None;Quadratic;FALSE;Normal;0,85773316374979924;1;-0,70311153703986029;TRUE;Feasible Pairwise
10;1;0;1;0;0,000;0,150;0;0;0;None;Quadratic;FALSE;Normal;0,85773316374979924;1;-0,67484533060123564;TRUE;Constrained HOIs
20;1;0;1;0;0,000;0,150;0;0;0;None;Quadratic;FALSE;Normal;0,75013540266081691;1;-0,43922748267659650;TRUE;Feasible Pairwise
20;1;0;1;0;0,000;0,150;0;0;0;None;Quadratic;FALSE;Normal;0,75013540266081691;1;-0,47047237873217962;TRUE;Constrained HOIs
30;1;0;1;0;0,000;0,150;0;0;0;None;Quadratic;FALSE;Normal;0,44835932203568518;1;-0,37938536882811758;TRUE;Feasible Pairwise
30;1;0;1;0;0,000;0,150;0;0;0;None;Quadratic;FALSE;Normal;0,44835932203568518;1;-0,20239262854633247;TRUE;Constrained HOIs
40;1;0;1;0;0,000;0,150;0;0;0;None;Quadratic;FALSE;Normal;0,17888979334384203;1;-0,17232092782800232;TRUE;Feasible Pairwise
40;1;0;1;0;0,000;0,150;0;0;0;None;Quadratic;FALSE;Normal;0,17888979334384203;1;-0,14817043070258934;TRUE;Constrained HOIs
50;1;0;1;0;0,000;0,150;0;0;0;None;Quadratic;FALSE;Normal;0,83231675857678045;1;-0,03613095780097174;TRUE;Feasible Pairwise
50;1;0;1;0;0,000;0,150;0;0;0;None;Quadratic;FALSE;Normal;0,83231675857678045;1;0,03907540490125666;FALSE;Constrained HOIs
60;1;0;1;0;0,000;0,150;0;0;0;None;Quadratic;FALSE;Normal;0,38913105102255935;1;0,05884468491399493;FALSE;Feasible Pairwise
60;1;0;1;0;0,000;0,150;0;0;0;None;Quadratic;FALSE;Normal;0,38913105102255935;1;0,00568881982511942;FALSE;Constrained HOIs
70;1;0;1;0;0,000;0,150;0;0;0;None;Quadratic;FALSE;Normal;0,20155532890930772;1;0,32902450025570429;FALSE;Feasible Pairwise
70;1;0;1;0;0,000;0,150;0;0;0;None;Quadratic;FALSE;Normal;0,20155532890930772;1;0,29949595548346797;FALSE;Constrained HOIs
80;1;0;1;0;0,000;0,150;0;0;0;None;Quadratic;FALSE;Normal;0,21222429792396724;1;0,19742512321612907;FALSE;Feasible Pairwise
80;1;0;1;0;0,000;0,150;0;0;0;None;Quadratic;FALSE;Normal;0,21222429792396724;1;0,21844852348180288;FALSE;Constrained HOIs
90;1;0;1;0;0,000;0,150;0;0;0;None;Quadratic;FALSE;Normal;0,96047936147078883;1;0,35905125533435256;FALSE;Feasible Pairwise
90;1;0;1;0;0,000;0,150;0;0;0;None;Quadratic;FALSE;Normal;0,96047936147078883;1;0,34611796979711562;FALSE;Constrained HOIs
100;1;0;1;0;0,000;0,150;0;0;0;None;Quadratic;FALSE;Normal;0,61557235545478761;1;0,61998107880497577;FALSE;Feasible Pairwise
100;1;0;1;0;0,000;0,150;0;0;0;None;Quadratic;FALSE;Normal;0,61557235545478761;1;0,56652907383055007;FALSE;Constrained HOIs
10;1;0;1;0;0,025;0,025;0;0;0;None;Quadratic;FALSE;Normal;0,92659221612848341;1;-0,93808077895642683;TRUE;Feasible Pairwise
10;1;0;1;0;0,025;0,025;0;0;0;None;Quadratic;FALSE;Normal;0,92659221612848341;1;-0,79417663273960981;TRUE;Constrained HOIs
20;1;0;1;0;0,025;0,025;0;0;0;None;Quadratic;FALSE;Normal;0,11192468390800060;1;-0,91392990123613083;TRUE;Feasible Pairwise
20;1;0;1;0;0,025;0,025;0;0;0;None;Quadratic;FALSE;Normal;0,11192468390800060;1;-0,50192311817817969;TRUE;Constrained HOIs
30;1;0;1;0;0,025;0,025;0;0;0;None;Quadratic;FALSE;Normal;0,22521688975393772;1;-0,84805482712437841;TRUE;Feasible Pairwise
30;1;0;1;0;0,025;0,025;0;0;0;None;Quadratic;FALSE;Normal;0,22521688975393772;1;-0,26697879177096684;TRUE;Constrained HOIs
40;1;0;1;0;0,025;0,025;0;0;0;None;Quadratic;FALSE;Normal;0,07810498471371830;1;-0,85723407891306513;TRUE;Feasible Pairwise
40;1;0;1;0;0,025;0,025;0;0;0;None;Quadratic;FALSE;Normal;0,07810498471371830;1;-0,01133506518985232;TRUE;Constrained HOIs
50;1;0;1;0;0,025;0,025;0;0;0;None;Quadratic;FALSE;Normal;0,89001789782196283;1;-0,82569322137561829;TRUE;Feasible Pairwise
50;1;0;1;0;0,025;0,025;0;0;0;None;Quadratic;FALSE;Normal;0,89001789782196283;1;0,18333460205817911;FALSE;Constrained HOIs
60;1;0;1;0;0,025;0,025;0;0;0;None;Quadratic;FALSE;Normal;0,84301930968649685;1;-0,80263817263533677;TRUE;Feasible Pairwise
60;1;0;1;0;0,025;0,025;0;0;0;None;Quadratic;FALSE;Normal;0,84301930968649685;1;0,45301509430774550;FALSE;Constrained HOIs
70;1;0;1;0;0,025;0,025;0;0;0;None;Quadratic;FALSE;Normal;0,79927464318461716;1;-0,76912009952050642;TRUE;Feasible Pairwise
70;1;0;1;0;0,025;0,025;0;0;0;None;Quadratic;FALSE;Normal;0,79927464318461716;1;0,76373318917265676;FALSE;Constrained HOIs
80;1;0;1;0;0,025;0,025;0;0;0;None;Quadratic;FALSE;Normal;0,68418201385065913;1;-0,72865114348563531;TRUE;Feasible Pairwise
80;1;0;1;0;0,025;0,025;0;0;0;None;Quadratic;FALSE;Normal;0,68418201385065913;1;0,98263748480218660;FALSE;Constrained HOIs
90;1;0;1;0;0,025;0,025;0;0;0;None;Quadratic;FALSE;Normal;0,79860741877928387;1;-0,75562840793280417;TRUE;Feasible Pairwise
90;1;0;1;0;0,025;0,025;0;0;0;None;Quadratic;FALSE;Normal;0,79860741877928387;1;1,20481876250538877;FALSE;Constrained HOIs
100;1;0;1;0;0,025;0,025;0;0;0;None;Quadratic;FALSE;Normal;0,70654870197176933;1;-0,74986320282098173;TRUE;Feasible Pairwise
100;1;0;1;0;0,025;0,025;0;0;0;None;Quadratic;FALSE;Normal;0,70654870197176933;1;1,44946086639210869;FALSE;Constrained HOIs
10;1;0;1;0;-0,025;0,025;0;0;0;None;Quadratic;FALSE;Normal;0,88887273543514300;1;-0,78469331903829964;TRUE;Feasible Pairwise
10;1;0;1;0;-0,025;0,025;0;0;0;None;Quadratic;FALSE;Normal;0,88887273543514300;1;-0,91141035473959109;TRUE;Constrained HOIs
20;1;0;1;0;-0,025;0,025;0;0;0;None;Quadratic;FALSE;Normal;0,63595949532464147;1;-0,45753844131036975;TRUE;Feasible Pairwise
20;1;0;1;0;-0,025;0,025;0;0;0;None;Quadratic;FALSE;Normal;0,63595949532464147;1;-0,86598896176323437;TRUE;Constrained HOIs
30;1;0;1;0;-0,025;0,025;0;0;0;None;Quadratic;FALSE;Normal;0,27591253421269357;1;-0,30670784583703242;TRUE;Feasible Pairwise
30;1;0;1;0;-0,025;0,025;0;0;0;None;Quadratic;FALSE;Normal;0,27591253421269357;1;-0,85192561734715999;TRUE;Constrained HOIs
40;1;0;1;0;-0,025;0,025;0;0;0;None;Quadratic;FALSE;Normal;0,92780866264365613;1;-0,06468356515653764;TRUE;Feasible Pairwise
40;1;0;1;0;-0,025;0,025;0;0;0;None;Quadratic;FALSE;Normal;0,92780866264365613;1;-0,82336539322643476;TRUE;Constrained HOIs
50;1;0;1;0;-0,025;0,025;0;0;0;None;Quadratic;FALSE;Normal;0,25851332349702716;1;0,20834241339565168;FALSE;Feasible Pairwise
50;1;0;1;0;-0,025;0,025;0;0;0;None;Quadratic;FALSE;Normal;0,25851332349702716;1;-0,81248368419013539;TRUE;Constrained HOIs
60;1;0;1;0;-0,025;0,025;0;0;0;None;Quadratic;FALSE;Normal;0,52701238170266151;1;0,47128321588855770;FALSE;Feasible Pairwise
60;1;0;1;0;-0,025;0,025;0;0;0;None;Quadratic;FALSE;Normal;0,52701238170266151;1;-0,79246973587775205;TRUE;Constrained HOIs
70;1;0;1;0;-0,025;0,025;0;0;0;None;Quadratic;FALSE;Normal;0,56387658207677305;1;0,71591035173658224;FALSE;Feasible Pairwise
70;1;0;1;0;-0,025;0,025;0;0;0;None;Quadratic;FALSE;Normal;0,56387658207677305;1;-0,78327607544988331;TRUE;Constrained HOIs
80;1;0;1;0;-0,025;0,025;0;0;0;None;Quadratic;FALSE;Normal;0,44693770981393754;1;0,98177618667500222;FALSE;Feasible Pairwise
80;1;0;1;0;-0,025;0,025;0;0;0;None;Quadratic;FALSE;Normal;0,44693770981393754;1;-0,77314228906167393;TRUE;Constrained HOIs
90;1;0;1;0;-0,025;0,025;0;0;0;None;Quadratic;FALSE;Normal;0,84698106418363739;1;1,21557792499678685;FALSE;Feasible Pairwise
90;1;0;1;0;-0,025;0,025;0;0;0;None;Quadratic;FALSE;Normal;0,84698106418363739;1;-0,76498405229312594;TRUE;Constrained HOIs
100;1;0;1;0;-0,025;0,025;0;0;0;None;Quadratic;FALSE;Normal;0,71852691960521042;1;1,46508288320618973;FALSE;Feasible Pairwise
100;1;0;1;0;-0,025;0,025;0;0;0;None;Quadratic;FALSE;Normal;0,71852691960521042;1;-0,74484580538737233;TRUE;Constrained HOIs
10;1;0;1;0;0,000;0,150;0;0;0;None;Quadratic;FALSE;Normal;0,42976918932981795;1;-0,74306649144950287;TRUE;Feasible Pairwise
10;1;0;1;0;0,000;0,150;0;0;0;None;Quadratic;FALSE;Normal;0,42976918932981795;1;-0,74637553561030756;TRUE;Constrained HOIs
20;1;0;1;0;0,000;0,150;0;0;0;None;Quadratic;FALSE;Normal;0,87022646516561508;1;-0,50460777721126926;TRUE;Feasible Pairwise
20;1;0;1;0;0,000;0,150;0;0;0;None;Quadratic;FALSE;Normal;0,87022646516561508;1;-0,50835372179386706;TRUE;Constrained HOIs
30;1;0;1;0;0,000;0,150;0;0;0;None;Quadratic;FALSE;Normal;0,82473642285913229;1;-0,27221953663620613;TRUE;Feasible Pairwise
30;1;0;1;0;0,000;0,150;0;0;0;None;Quadratic;FALSE;Normal;0,82473642285913229;1;-0,30687054323992446;TRUE;Constrained HOIs
40;1;0;1;0;0,000;0,150;0;0;0;None;Quadratic;FALSE;Normal;0,42136113415472209;1;-0,15845070905446787;TRUE;Feasible Pairwise
40;1;0;1;0;0,000;0,150;0;0;0;None;Quadratic;FALSE;Normal;0,42136113415472209;1;-0,05748404748046526;TRUE;Constrained HOIs
50;1;0;1;0;0,000;0,150;0;0;0;None;Quadratic;FALSE;Normal;0,14921859628520906;1;-0,01103791538928050;TRUE;Feasible Pairwise
50;1;0;1;0;0,000;0,150;0;0;0;None;Quadratic;FALSE;Normal;0,14921859628520906;1;0,04086318213021418;FALSE;Constrained HOIs
60;1;0;1;0;0,000;0,150;0;0;0;None;Quadratic;FALSE;Normal;0,05785744846798480;1;0,28904242069808750;FALSE;Feasible Pairwise
60;1;0;1;0;0,000;0,150;0;0;0;None;Quadratic;FALSE;Normal;0,05785744846798480;1;0,23457930995666784;FALSE;Constrained HOIs
70;1;0;1;0;0,000;0,150;0;0;0;None;Quadratic;FALSE;Normal;0,26555776572786272;1;0,30903370750282333;FALSE;Feasible Pairwise
70;1;0;1;0;0,000;0,150;0;0;0;None;Quadratic;FALSE;Normal;0,26555776572786272;1;0,32556465272552748;FALSE;Constrained HOIs
80;1;0;1;0;0,000;0,150;0;0;0;None;Quadratic;FALSE;Normal;0,14974883501417935;1;0,24092502468440055;FALSE;Feasible Pairwise
80;1;0;1;0;0,000;0,150;0;0;0;None;Quadratic;FALSE;Normal;0,14974883501417935;1;0,20891026601092380;FALSE;Constrained HOIs
90;1;0;1;0;0,000;0,150;0;0;0;None;Quadratic;FALSE;Normal;0,92111534625291824;1;0,45413054028846367;FALSE;Feasible Pairwise
90;1;0;1;0;0,000;0,150;0;0;0;None;Quadratic;FALSE;Normal;0,92111534625291824;1;0,49707613044993998;FALSE;Constrained HOIs
100;1;0;1;0;0,000;0,150;0;0;0;None;Quadratic;FALSE;Normal;0,19436813821084797;1;0,30547319790580169;FALSE;Feasible Pairwise
100;1;0;1;0;0,000;0,150;0;0;0;None;Quadratic;FALSE;Normal;0,19436813821084797;1;0,32320277301688582;FALSE;Constrained HOIs
10;1;0;1;0;0,025;0,025;0;0;0;None;Quadratic;FALSE;Normal;0,49323447863571346;1;-0,91395985925362511;TRUE;Feasible Pairwise
10;1;0;1;0;0,025;0,025;0;0;0;None;Quadratic;FALSE;Normal;0,49323447863571346;1;-0,82193048412687708;TRUE;Constrained HOIs
20;1;0;1;0;0,025;0,025;0;0;0;None;Quadratic;FALSE;Normal;0,00463381037116051;1;-0,89335294971700052;TRUE;Feasible Pairwise
20;1;0;1;0;0,025;0,025;0;0;0;None;Quadratic;FALSE;Normal;0,00463381037116051;1;-0,55570933047992943;TRUE;Constrained HOIs
30;1;0;1;0;0,025;0,025;0;0;0;None;Quadratic;FALSE;Normal;0,08685894869267941;1;-0,85100349051082158;TRUE;Feasible Pairwise
30;1;0;1;0;0,025;0,025;0;0;0;None;Quadratic;FALSE;Normal;0,08685894869267941;1;-0,27855965157674401;TRUE;Constrained HOIs
40;1;0;1;0;0,025;0,025;0;0;0;None;Quadratic;FALSE;Normal;0,19843950006179512;1;-0,82258023409097292;TRUE;Feasible Pairwise
40;1;0;1;0;0,025;0,025;0;0;0;None;Quadratic;FALSE;Normal;0,19843950006179512;1;-0,03515104992645339;TRUE;Constrained HOIs
50;1;0;1;0;0,025;0,025;0;0;0;None;Quadratic;FALSE;Normal;0,61867716722190380;1;-0,80423672672334545;TRUE;Feasible Pairwise
50;1;0;1;0;0,025;0,025;0;0;0;None;Quadratic;FALSE;Normal;0,61867716722190380;1;0,20197958792176149;FALSE;Constrained HOIs
60;1;0;1;0;0,025;0,025;0;0;0;None;Quadratic;FALSE;Normal;0,26480934722349048;1;-0,81223489743667165;TRUE;Feasible Pairwise
60;1;0;1;0;0,025;0,025;0;0;0;None;Quadratic;FALSE;Normal;0,26480934722349048;1;0,50379132453632947;FALSE;Constrained HOIs
70;1;0;1;0;0,025;0,025;0;0;0;None;Quadratic;FALSE;Normal;0,63614270044490695;1;-0,76956097445102767;TRUE;Feasible Pairwise
70;1;0;1;0;0,025;0,025;0;0;0;None;Quadratic;FALSE;Normal;0,63614270044490695;1;0,76039339629677394;FALSE;Constrained HOIs
80;1;0;1;0;0,025;0,025;0;0;0;None;Quadratic;FALSE;Normal;0,92629264341667295;1;-0,76056905124121765;TRUE;Feasible Pairwise
80;1;0;1;0;0,025;0,025;0;0;0;None;Quadratic;FALSE;Normal;0,92629264341667295;1;0,93348152142575036;FALSE;Constrained HOIs
90;1;0;1;0;0,025;0,025;0;0;0;None;Quadratic;FALSE;Normal;0,57458604476414621;1;-0,73662313443739524;TRUE;Feasible Pairwise
90;1;0;1;0;0,025;0,025;0;0;0;None;Quadratic;FALSE;Normal;0,57458604476414621;1;1,16181948225265996;FALSE;Constrained HOIs
100;1;0;1;0;0,025;0,025;0;0;0;None;Quadratic;FALSE;Normal;0,28476679348386824;1;-0,75328616558112782;TRUE;Feasible Pairwise
100;1;0;1;0;0,025;0,025;0;0;0;None;Quadratic;FALSE;Normal;0,28476679348386824;1;1,42918762193336057;FALSE;Constrained HOIs
10;1;0;1;0;-0,025;0,025;0;0;0;None;Quadratic;FALSE;Normal;0,03839791705831885;1;-0,74686767766180195;TRUE;Feasible Pairwise
10;1;0;1;0;-0,025;0,025;0;0;0;None;Quadratic;FALSE;Normal;0,03839791705831885;1;-0,91283668270595486;TRUE;Constrained HOIs
20;1;0;1;0;-0,025;0,025;0;0;0;None;Quadratic;FALSE;Normal;0,38635625550523400;1;-0,50971802250490028;TRUE;Feasible Pairwise
20;1;0;1;0;-0,025;0,025;0;0;0;None;Quadratic;FALSE;Normal;0,38635625550523400;1;-0,85028172893902576;TRUE;Constrained HOIs
30;1;0;1;0;-0,025;0,025;0;0;0;None;Quadratic;FALSE;Normal;0,98198865703307092;1;-0,27262837918065058;TRUE;Feasible Pairwise
30;1;0;1;0;-0,025;0,025;0;0;0;None;Quadratic;FALSE;Normal;0,98198865703307092;1;-0,84476880072714911;TRUE;Constrained HOIs
40;1;0;1;0;-0,025;0,025;0;0;0;None;Quadratic;FALSE;Normal;0,56384714227169752;1;-0,06782692331969575;TRUE;Feasible Pairwise
40;1;0;1;0;-0,025;0,025;0;0;0;None;Quadratic;FALSE;Normal;0,56384714227169752;1;-0,80530021680026820;TRUE;Constrained HOIs
50;1;0;1;0;-0,025;0,025;0;0;0;None;Quadratic;FALSE;Normal;0,08209670661017299;1;0,24169770982457719;FALSE;Feasible Pairwise
50;1;0;1;0;-0,025;0,025;0;0;0;None;Quadratic;FALSE;Normal;0,08209670661017299;1;-0,80659564628312996;TRUE;Constrained HOIs
60;1;0;1;0;-0,025;0,025;0;0;0;None;Quadratic;FALSE;Normal;0,87800535210408270;1;0,47892892848503327;FALSE;Feasible Pairwise
60;1;0;1;0;-0,025;0,025;0;0;0;None;Quadratic;FALSE;Normal;0,87800535210408270;1;-0,77805964565718289;TRUE;Constrained HOIs
70;1;0;1;0;-0,025;0,025;0;0;0;None;Quadratic;FALSE;Normal;0,07634339272044599;1;0,75291187790062830;FALSE;Feasible Pairwise
70;1;0;1;0;-0,025;0,025;0;0;0;None;Quadratic;FALSE;Normal;0,07634339272044599;1;-0,79417905149549828;TRUE;Constrained HOIs
80;1;0;1;0;-0,025;0,025;0;0;0;None;Quadratic;FALSE;Normal;0,04557440057396889;1;0,95766506491961179;FALSE;Feasible Pairwise
80;1;0;1;0;-0,025;0,025;0;0;0;None;Quadratic;FALSE;Normal;0,04557440057396889;1;-0,77074284472770971;TRUE;Constrained HOIs
90;1;0;1;0;-0,025;0,025;0;0;0;None;Quadratic;FALSE;Normal;0,36816496565006673;1;1,20136340182080792;FALSE;Feasible Pairwise
90;1;0;1;0;-0,025;0,025;0;0;0;None;Quadratic;FALSE;Normal;0,36816496565006673;1;-0,74165882868750732;TRUE;Constrained HOIs
100;1;0;1;0;-0,025;0,025;0;0;0;None;Quadratic;FALSE;Normal;0,41978141362778842;1;1,47538559243385992;FALSE;Feasible Pairwise
100;1;0;1;0;-0,025;0,025;0;0;0;None;Quadratic;FALSE;Normal;0,41978141362778842;1;-0,72757694989395350;TRUE;Constrained HOIs
